metro,firm,title,location,source,posted_date,first_seen,is_new,url
Chicago,BMO,"Analyst, Global Markets Corporate Banking","Chicago, IL, USA",workday,2026-09-30,2026-09-19,False,https://bmo.wd3.myworkdayjobs.com/External/job/Chicago-IL-USA/Analyst--Global-Markets-Corporate-Banking_R260027055
Chicago,BMO,Associate Banker,"Orland Park, IL, USA",workday,2026-10-01,2026-10-02,False,https://bmo.wd3.myworkdayjobs.com/External/job/Orland-Park-IL-USA/Associate-Banker_R260028008
Chicago,BMO,Associate Banker,"Rockford, IL, USA",workday,2026-10-01,2026-10-02,False,https://bmo.wd3.myworkdayjobs.com/External/job/Rockford-IL-USA/Associate-Banker_R260028018
Chicago,BMO,Associate Banker,"Chicago, IL, USA",workday,2026-10-01,2026-10-02,False,https://bmo.wd3.myworkdayjobs.com/External/job/Chicago-IL-USA/Associate-Banker_R260028006
Chicago,BMO,Associate Banker,"Mundelein, IL, USA",workday,2026-10-01,2026-10-02,False,https://bmo.wd3.myworkdayjobs.com/External/job/Mundelein-IL-USA/Associate-Banker_R260028055
Chicago,BMO,Associate Banker,"Chicago, IL, USA",workday,2026-09-30,2026-09-16,False,https://bmo.wd3.myworkdayjobs.com/External/job/Chicago-IL-USA/Associate-Banker_R260021348-1
Chicago,BMO,Associate Banker,"Western Springs, IL, USA",workday,2026-09-29,2026-09-29,False,https://bmo.wd3.myworkdayjobs.com/External/job/Western-Springs-IL-USA/Associate-Banker_R260027703-1
Chicago,BMO,Associate Banker,"Waukegan, IL, USA",workday,2026-09-29,2026-09-29,False,https://bmo.wd3.myworkdayjobs.com/External/job/Waukegan-IL-USA/Associate-Banker_R260027698
Chicago,BMO,Associate Banker,"Chicago, IL, USA",workday,2026-09-14,2026-09-16,False,https://bmo.wd3.myworkdayjobs.com/External/job/Chicago-IL-USA/Associate-Banker_R260026456
Chicago,BMO,Associate Banker,"Round Lake Heights, IL, USA",workday,2026-09-08,2026-09-16,False,https://bmo.wd3.myworkdayjobs.com/External/job/Round-Lake-Heights-IL-USA/Associate-Banker_R260026176
Chicago,BMO,Associate Banker,"Joliet, IL, USA",workday,2026-09-08,2026-09-16,False,https://bmo.wd3.myworkdayjobs.com/External/job/Joliet-IL-USA/Associate-Banker_R260021297
Chicago,BMO,"Associate, Global Markets Corporate Banking","Chicago, IL, USA",workday,2026-09-30,2026-09-24,False,https://bmo.wd3.myworkdayjobs.com/External/job/Chicago-IL-USA/Associate--Global-Markets-Corporate-Banking_R260027060
Chicago,BMO,"Associate, Global Markets Corporate Banking","Chicago, IL, USA",workday,2026-09-30,2026-09-16,False,https://bmo.wd3.myworkdayjobs.com/External/job/Chicago-IL-USA/Associate--Global-Markets-Corporate-Banking_R260006475
Chicago,BMO,Data Analyst,"Chicago, IL, USA",workday,2026-09-23,2026-09-24,False,https://bmo.wd3.myworkdayjobs.com/External/job/Chicago-IL-USA/Data-Analyst_R260027161
Chicago,BMO,Intraday Liquidity Analyst,"Chicago, IL, USA",workday,2026-09-21,2026-09-22,False,https://bmo.wd3.myworkdayjobs.com/External/job/Chicago-IL-USA/Intraday-Liquidity-Analyst_R260027274-1
Chicago,BMO,"Investment Banking Analyst, Loan Syndications","Chicago, IL, USA",workday,2026-09-30,2026-09-16,False,https://bmo.wd3.myworkdayjobs.com/External/job/Chicago-IL-USA/Analyst--Investment-Banking_R260024690
Chicago,Bank of America,Registered Wealth Management Client Associate,Chicago,workday,2026-10-02,2026-10-03,False,https://ghr.wd1.myworkdayjobs.com/Lateral-US/job/Chicago/Registered-Wealth-Management-Client-Associate_26036462
Chicago,Bank of America,Wealth Management Client Associate,Chicago,workday,2026-10-01,2026-10-02,False,https://ghr.wd1.myworkdayjobs.com/Lateral-US/job/Chicago/Wealth-Management-Client-Associate_26036302
Chicago,Bank of America,Wealth Management Client Associate,Chicago,workday,2026-09-11,2026-09-15,False,https://ghr.wd1.myworkdayjobs.com/Lateral-US/job/Chicago/Wealth-Management-Client-Associate_26033571
Chicago,CIBC,"Analyst, Business Effectiveness","Chicago, IL",workday,2026-09-14,2026-09-17,False,https://cibc.wd3.myworkdayjobs.com/search/job/Chicago-IL/Lead-Technology-Project-Manager_2605987
Chicago,CIBC,"Analyst/Associate, Fixed Income, Currency and Commodity","Chicago, IL",workday,2026-09-29,2026-09-29,False,https://cibc.wd3.myworkdayjobs.com/search/job/Chicago-IL/Analyst--Interest-Rates_2619877
Chicago,CIL Management Consultants,Analyst,"Chicago, Illinois",pinpoint,,2026-09-17,False,https://careers.cil.com/en/postings/44f86c46-76af-442f-86cd-a06b0d221df3
Chicago,Citi,Investment Banking Associate - Industrials,"Chicago, Illinois, United States",citi,,2026-09-16,False,https://jobs.citi.com/job/chicago/investment-banking-associate-industrials/287/98388418576
Chicago,Citi,Licensed Client Service Associate,"Chicago, Illinois, United States",citi,,2026-09-16,False,https://jobs.citi.com/job/chicago/licensed-client-service-associate/287/100494900464
Chicago,DRW,Administrative Assistant - FICCO Trading Group,Chicago,greenhouse,2026-09-15,2026-09-16,False,https://job-boards.greenhouse.io/drweng/jobs/8201188
Chicago,DRW,Corporate Actions Associate,Chicago,greenhouse,2026-09-22,2026-09-22,False,https://job-boards.greenhouse.io/drweng/jobs/8204565
Chicago,DRW,"Data Analyst, Exploration",Chicago,greenhouse,2026-09-18,2026-09-19,False,https://job-boards.greenhouse.io/drweng/jobs/8189760
Chicago,DRW,"Data Analyst, Stewardship","Chicago, Houston, Remote",greenhouse,2026-09-17,2026-09-18,False,https://job-boards.greenhouse.io/drweng/jobs/8189730
Chicago,DRW,Floor Trader,Chicago,greenhouse,2026-09-16,2026-09-17,False,https://job-boards.greenhouse.io/drweng/jobs/8207750
Chicago,DRW,Risk Product Analyst,Chicago,greenhouse,2026-09-29,2026-09-30,False,https://job-boards.greenhouse.io/drweng/jobs/8221691
Chicago,Deutsche Bank,"Relationship Management Analyst, US Wealth","Chicago, 222 South Riverside Plaza",workday,2026-09-30,2026-09-30,False,https://db.wd3.myworkdayjobs.com/DBWebsite/job/Chicago-222-South-Riverside-Plaza/Relationship-Management-Analyst--US-Wealth_R0449150-2
Chicago,Goldman Sachs,"Asset & Wealth Management, Client Solutions Group, Regional Consultant, Associate - Chicago","Chicago, IL, United States",goldman,,2026-09-23,False,https://higher.gs.com/roles/162057
Chicago,Goldman Sachs,"Asset & Wealth Management, Private Wealth Management, Business Development Professional, Associate, Chicago","Chicago, Illinois, United States",goldman,,2026-09-23,False,https://higher.gs.com/roles/122986
Chicago,Goldman Sachs,"GBM - Investment Banking Associate, Industrials - Chicago","Chicago, IL, United States",goldman,,2026-09-23,False,https://higher.gs.com/roles/167424
Chicago,Goldman Sachs,"Global Banking & Markets Private - Classic, Business & Consumer Services, Cross Markets, Chicago, Analyst","Chicago, IL, United States",goldman,,2026-09-24,False,https://higher.gs.com/roles/166398
Chicago,Houlihan Lokey,Investment Banking Associate | Industrials,"Chicago, IL, USA",workday,2026-09-30,2026-09-15,False,https://hl.wd1.myworkdayjobs.com/Lateral/job/Chicago-IL-USA/Investment-Banking-Associate---Industrials_R3551
Chicago,JPMorgan Chase,1554177: Loan Origination Operations Associate I (LSLO12),"Chicago, IL, United States",oracle,2026-09-29,2026-10-01,False,https://jpmc.fa.oraclecloud.com/hcmUI/CandidateExperience/en/sites/CX_1001/job/210793429
Chicago,JPMorgan Chase,"2027 Commercial & Specialized Industries Full-time Analyst Program – Equipment Finance (Chicago, IL)","Chicago, IL, United States",oracle,2026-09-30,2026-10-01,False,https://jpmc.fa.oraclecloud.com/hcmUI/CandidateExperience/en/sites/CX_1001/job/210795561
Chicago,JPMorgan Chase,2027 Commercial Real Estate Full-Time Analyst Program,"Chicago, IL, United States",oracle,2026-09-21,2026-09-22,False,https://jpmc.fa.oraclecloud.com/hcmUI/CandidateExperience/en/sites/CX_1001/job/210790798
Chicago,JPMorgan Chase,Banker Analyst - Food & Agribusiness - Analyst,"Chicago, IL, United States",oracle,2026-09-22,2026-09-23,False,https://jpmc.fa.oraclecloud.com/hcmUI/CandidateExperience/en/sites/CX_1001/job/210793146
Chicago,JPMorgan Chase,Business Ops Associate- Regulatory & Business Conduct Programs,"Chicago, IL, United States",oracle,2026-10-05,2026-10-05,True,https://jpmc.fa.oraclecloud.com/hcmUI/CandidateExperience/en/sites/CX_1001/job/210795709
Chicago,JPMorgan Chase,Business Support Change Management - Analyst,"Chicago, IL, United States",oracle,2026-09-30,2026-09-30,False,https://jpmc.fa.oraclecloud.com/hcmUI/CandidateExperience/en/sites/CX_1001/job/210794524
Chicago,JPMorgan Chase,Capital Stress Testing Governance Associate,"Chicago, IL, United States",oracle,2026-09-22,2026-09-19,False,https://jpmc.fa.oraclecloud.com/hcmUI/CandidateExperience/en/sites/CX_1001/job/210781449
Chicago,JPMorgan Chase,Client Onboarding Implementation Associate,"Chicago, IL, United States",oracle,2026-09-09,2026-09-19,False,https://jpmc.fa.oraclecloud.com/hcmUI/CandidateExperience/en/sites/CX_1001/job/210775277
Chicago,JPMorgan Chase,"Consumer, Retail & Business Services Payments Sales Associate","Chicago, IL, United States",oracle,2026-09-16,2026-09-19,False,https://jpmc.fa.oraclecloud.com/hcmUI/CandidateExperience/en/sites/CX_1001/job/210791363
Chicago,JPMorgan Chase,Events Management Associate,"Chicago, IL, United States",oracle,2026-10-02,2026-10-02,False,https://jpmc.fa.oraclecloud.com/hcmUI/CandidateExperience/en/sites/CX_1001/job/210796009
Chicago,JPMorgan Chase,Financial Analysis Associate,"Chicago, IL, United States",oracle,2026-09-16,2026-09-19,False,https://jpmc.fa.oraclecloud.com/hcmUI/CandidateExperience/en/sites/CX_1001/job/210788283
Chicago,JPMorgan Chase,Investment Banking - Diversified Industries - Analyst,"Chicago, IL, United States",oracle,2026-09-28,2026-09-28,False,https://jpmc.fa.oraclecloud.com/hcmUI/CandidateExperience/en/sites/CX_1001/job/210795021
Chicago,JPMorgan Chase,"J.P. Morgan Wealth Management - Private Client Investment Associate  - Oak Park, IL","Oak Park, IL, United States",oracle,2026-09-10,2026-09-19,False,https://jpmc.fa.oraclecloud.com/hcmUI/CandidateExperience/en/sites/CX_1001/job/210789946
Chicago,JPMorgan Chase,"J.P. Morgan Wealth Management - Private Client Investment Associate - Saint Charles, IL","Saint Charles, IL, United States",oracle,2026-09-17,2026-09-19,False,https://jpmc.fa.oraclecloud.com/hcmUI/CandidateExperience/en/sites/CX_1001/job/210791681
Chicago,JPMorgan Chase,"J.P. Morgan Wealth Management - Private Client Investment Associate - Wheaton, IL","Wheaton, IL, United States",oracle,2026-09-16,2026-09-19,False,https://jpmc.fa.oraclecloud.com/hcmUI/CandidateExperience/en/sites/CX_1001/job/210791648
Chicago,JPMorgan Chase,Recruitment Sourcing/Research Associate,"Chicago, IL, United States",oracle,2026-09-18,2026-09-19,False,https://jpmc.fa.oraclecloud.com/hcmUI/CandidateExperience/en/sites/CX_1001/job/210792575
Chicago,JPMorgan Chase,Risk Management - Credit Risk Associate,"Chicago, IL, United States",oracle,2026-09-08,2026-09-19,False,https://jpmc.fa.oraclecloud.com/hcmUI/CandidateExperience/en/sites/CX_1001/job/210785291
Chicago,JPMorgan Chase,Risk Management - Real Estate Credit Risk Associate,"Chicago, IL, United States",oracle,2026-09-17,2026-09-19,False,https://jpmc.fa.oraclecloud.com/hcmUI/CandidateExperience/en/sites/CX_1001/job/210757123
Chicago,JPMorgan Chase,Treasury Sales Support Associate Manager,"Chicago, IL, United States",oracle,2026-09-10,2026-09-19,False,https://jpmc.fa.oraclecloud.com/hcmUI/CandidateExperience/en/sites/CX_1001/job/210789430
Chicago,JPMorgan Chase,U.S. Private Bank – New Client Experience Associate,"Chicago, IL, United States",oracle,2026-09-29,2026-09-29,False,https://jpmc.fa.oraclecloud.com/hcmUI/CandidateExperience/en/sites/CX_1001/job/210795800
Chicago,JPMorgan Chase,U.S. Private Bank – Program Analyst,"Winnetka, IL, United States",oracle,2026-09-23,2026-09-23,False,https://jpmc.fa.oraclecloud.com/hcmUI/CandidateExperience/en/sites/CX_1001/job/210793853
Chicago,Macquarie Group,"Associate, Futures Brokerage",Chicago Office,pageup,2026-09-24,2026-09-17,False,https://recruitment.macquarie.com/en_US/careers/JobDetail?jobId=24017
Chicago,Macquarie Group,Futures Top Day Clearing Analyst,Chicago Office,pageup,2026-09-16,2026-09-17,False,https://recruitment.macquarie.com/en_US/careers/JobDetail?jobId=22769
Chicago,Michael Page,"Investment Associate - Chicago, IL · Direct hire","Chicago, Illinois",michaelpage,,2026-10-05,True,https://www.michaelpage.com/job-detail/investment-associate-chicago-il/ref/jn-082026-7086418
Chicago,Morgan Stanley,Client Relationship Analyst,"Chicago, Illinois, United States of America",workday,2026-09-25,2026-09-25,False,https://ms.wd5.myworkdayjobs.com/External/job/Chicago-Illinois-United-States-of-America/Client-Relationship-Analyst_JR044523
Chicago,Morgan Stanley,Client Relationship Analyst,"Oak Brook, Illinois, United States of America",workday,2026-09-14,2026-09-15,False,https://ms.wd5.myworkdayjobs.com/External/job/Oak-Brook-Illinois-United-States-of-America/Client-Relationship-Analyst_JR043772
Chicago,Morgan Stanley,Client Relationship Analyst,"Barrington, Illinois, United States of America",workday,2026-09-14,2026-09-15,False,https://ms.wd5.myworkdayjobs.com/External/job/Barrington-Illinois-United-States-of-America/Client-Relationship-Analyst_JR043691
Chicago,Morgan Stanley,Registered Client Relationship Analyst,"Deerfield, Illinois, United States of America",workday,2026-10-01,2026-10-02,False,https://ms.wd5.myworkdayjobs.com/External/job/Deerfield-Illinois-United-States-of-America/Client-Relationship-Analyst--R-_JR044948-1
Chicago,Morgan Stanley,Registered Client Relationship Analyst,"Lisle, Illinois, United States of America",workday,2026-10-01,2026-10-01,False,https://ms.wd5.myworkdayjobs.com/External/job/Lisle-Illinois-United-States-of-America/Registered-Client-Relationship-Analyst_JR045049
Chicago,Morgan Stanley,Registered Client Relationship Analyst,"Chicago, Illinois, United States of America",workday,2026-09-28,2026-09-28,False,https://ms.wd5.myworkdayjobs.com/External/job/Chicago-Illinois-United-States-of-America/Registered-Client-Relationship-Analyst_JR044275
Chicago,Morgan Stanley,Registered Client Relationship Analyst,"Oak Brook, Illinois, United States of America",workday,2026-09-22,2026-09-23,False,https://ms.wd5.myworkdayjobs.com/External/job/Oak-Brook-Illinois-United-States-of-America/Registered-Client-Relationship-Analyst_JR044276
Chicago,Morgan Stanley,Registered Client Relationship Analyst,"Chicago, Illinois, United States of America",workday,2026-09-08,2026-09-15,False,https://ms.wd5.myworkdayjobs.com/External/job/Chicago-Illinois-United-States-of-America/Registered-Client-Relationship-Analyst_JR038356-1
Chicago,Morgan Stanley,Wealth Management Associate,"Chicago, Illinois, United States of America",workday,2026-09-28,2026-09-28,False,https://ms.wd5.myworkdayjobs.com/External/job/Chicago-Illinois-United-States-of-America/Wealth-Management-Associate_JR044624
Chicago,Neuberger Berman,Research Analyst - Non-Investment Grade Credit,"Chicago, IL",workday,2026-09-08,2026-09-15,False,https://nb.wd1.myworkdayjobs.com/NBCareers/job/Chicago-IL/Research-Analyst---Non-Investment-Grade-Credit_R0012592
Chicago,Oppenheimer & Co.,"Client Service Associate (Chicago, IL)",Chicago,hrmdirect,,2026-09-17,False,https://opco.hrmdirect.com/employment/job-opening.php?req=3796871
Chicago,Oppenheimer & Co.,Regional Sales Consultant (Midwest Region),Chicago,hrmdirect,,2026-09-17,False,https://opco.hrmdirect.com/employment/job-opening.php?req=3796459
Chicago,Robert Half,Financial Analyst · Direct hire,"Chicago, IL",roberthalf,2026-09-28,2026-10-05,True,https://www.roberthalf.com/us/en/job/chicago-il/financial-analyst/01340-0013512009-usen
Chicago,Robert Half,Financial Analyst/Accountant · Direct hire,"Chicago, IL",roberthalf,2026-09-24,2026-10-05,True,https://www.roberthalf.com/us/en/job/chicago-il/financial-analystaccountant/01300-0013513743-usen
Chicago,Robert Half,Financial Reporting Analyst · Direct hire,"Chicago, IL",roberthalf,2026-09-23,2026-10-05,True,https://www.roberthalf.com/us/en/job/chicago-il/financial-reporting-analyst/01300-0013476925-usen
Chicago,Robert Half,Treasury Analyst - Cash Management · Direct hire,"Chicago, IL",roberthalf,2026-09-24,2026-10-05,True,https://www.roberthalf.com/us/en/job/chicago-il/treasury-analyst-cash-management/01300-0013513837-usen
Chicago,Stripe,"Channel Sales Executive, SaaS Platforms",Chicago,greenhouse,2026-09-10,2026-10-01,False,https://stripe.com/jobs/search?gh_jid=8126984
Chicago,Stripe,"Strategy & Operations Business Partner, Customer Success","Chicago, US",greenhouse,2026-09-25,2026-10-01,False,https://stripe.com/jobs/search?gh_jid=8224620
Chicago,U.S. Bancorp,Freight Business Analyst,"Naperville, IL",workday,2026-09-29,2026-09-30,False,https://usbank.wd1.myworkdayjobs.com/US_Bank_Careers/job/Naperville-IL/Freight-Business-Analyst_2026-0030212
Chicago,U.S. Bancorp,Wealth Management Affluent Associate,"Springfield, IL",workday,2026-09-14,2026-09-17,False,https://usbank.wd1.myworkdayjobs.com/US_Bank_Careers/job/Springfield-IL/WM-Affluent-Associate_2026-0001148
Chicago,U.S. Bancorp,Wealth Management Affluent Associate,"Fairview Heights, IL",workday,2026-09-14,2026-09-17,False,https://usbank.wd1.myworkdayjobs.com/US_Bank_Careers/job/Fairview-Heights-IL/WM-Affluent-Associate_2026-0019587
Chicago,Wells Fargo,Client Associate,"CARBONDALE, IL",workday,2026-10-05,2026-10-02,False,https://wf.wd1.myworkdayjobs.com/WellsFargoJobs/job/CARBONDALE-IL/Client-Associate_R-578871
Chicago,William Blair,"Associate I, CRU Risk","Chicago, Illinois, United States",greenhouse,2026-09-14,2026-09-16,False,https://www.williamblair.com/Careers/job-description?gh_jid=5237855007
Chicago,William Blair,Investment Accounting Associate (Entry-Level),"Chicago, Illinois, United States",greenhouse,2026-09-09,2026-09-16,False,https://www.williamblair.com/Careers/job-description?gh_jid=5233970007
Chicago,William Blair,Research Analyst - U.S. Growth & Core (Financials),"Chicago, Illinois, United States",greenhouse,2026-09-24,2026-09-25,False,https://www.williamblair.com/Careers/job-description?gh_jid=5247647007
Chicago,William Blair,Research Associate - Energy and Power Technologies,"Chicago, Illinois, United States",greenhouse,2026-09-23,2026-09-24,False,https://www.williamblair.com/Careers/job-description?gh_jid=5246085007
Chicago,William Blair,Research Associate - U.S. Growth & Core (Technology),"Chicago, Illinois, United States",greenhouse,2026-09-21,2026-09-22,False,https://www.williamblair.com/Careers/job-description?gh_jid=5243362007
Chicago,ZS Associates,Business Systems Analyst,"Evanston, Illinois",jibe,2026-09-16,2026-09-17,False,https://jobs.zs.com/jobs/67327
Chicago,ZS Associates,Business Technology Solutions Associate,"Princeton, New Jersey; Chicago, Illinois",jibe,2026-09-30,2026-09-30,False,https://jobs.zs.com/jobs/67648
Chicago,ZS Associates,Growth Analytics Associate Consultant,"Evanston, Illinois",jibe,2026-09-18,2026-09-17,False,https://jobs.zs.com/jobs/63336
Chicago,ZS Associates,Market Research Associate Consultant,"Evanston, Illinois",jibe,2026-09-18,2026-09-17,False,https://jobs.zs.com/jobs/63318
NY + Jersey City,Apollo Global Management,"Analyst, Fund Accounting - Core Credit","New York, New York",workday,,2026-09-15,False,https://athene.wd5.myworkdayjobs.com/Apollo_Careers/job/New-York-New-York/Analyst--Fund-Accounting---Core-Credit_R255002-5
NY + Jersey City,Apollo Global Management,Analyst- Talent Acquisition Coordinator,"New York, New York",workday,,2026-10-02,False,https://athene.wd5.myworkdayjobs.com/Apollo_Careers/job/New-York-New-York/Analyst--Talent-Acquisition-Coordinator_R255186
NY + Jersey City,Apollo Global Management,"Associate, Financial Reporting - SEC and Management Reporting","New York, New York",workday,,2026-09-18,False,https://athene.wd5.myworkdayjobs.com/Apollo_Careers/job/New-York-New-York/Associate--Financial-Reporting---SEC-and-Management-Reporting_R255135-3
NY + Jersey City,Apollo Global Management,"Associate, GP Fund Accounting","New York, New York",workday,,2026-09-15,False,https://athene.wd5.myworkdayjobs.com/Apollo_Careers/job/New-York-New-York/Associate--GP-Fund-Accounting_R255008-3
NY + Jersey City,Apollo Global Management,"Associate, Strategic Finance - Compensation Forecasting & Budgeting","New York, New York",workday,,2026-09-16,False,https://athene.wd5.myworkdayjobs.com/Apollo_Careers/job/New-York-New-York/Associate--Compensation-Forecasting---Budgeting_R255005
NY + Jersey City,Apollo Global Management,Marketing Compliance Analyst/Associate,"New York, New York",workday,,2026-09-15,False,https://athene.wd5.myworkdayjobs.com/Apollo_Careers/job/New-York-New-York/Marketing-Compliance-Analyst-Associate_R254409-1
NY + Jersey City,Ardian,Client Solutions Analyst,New York,workday,2026-09-24,2026-09-17,False,https://ardian.wd103.myworkdayjobs.com/ArdianCareers/job/New-York/Client-Solutions-Analyst_JR1001922
NY + Jersey City,Ares Management,"Analyst, Data Operations, Ares Insurance Solutions (AIS)","New York, NY",workday,,2026-09-15,False,https://aresmgmt.wd1.myworkdayjobs.com/External/job/New-York-NY/Analyst--Risk--Analytics-and-Reporting--AIS_R6539
NY + Jersey City,Ares Management,"Analyst, Multi-Asset Portfolio Solutions (MAPS)","New York, NY",workday,,2026-09-15,False,https://aresmgmt.wd1.myworkdayjobs.com/External/job/New-York-NY/Analyst--Multi-Asset-Portfolio-Solutions--MAPS-_R8239
NY + Jersey City,Ares Management,"Analyst, Private Equity Secondaries","New York, NY",workday,,2026-09-15,False,https://aresmgmt.wd1.myworkdayjobs.com/External/job/New-York-NY/Analyst--Private-Equity-Secondaries_R8076
NY + Jersey City,Ares Management,"Associate, Brand Strategy, Corporate Marketing","New York, NY",workday,,2026-09-15,False,https://aresmgmt.wd1.myworkdayjobs.com/External/job/New-York-NY/Associate--Brand-Strategy--Corporate-Marketing_R8340
NY + Jersey City,Ares Management,"Associate, Conference Sponsorship Manager","New York, NY",workday,,2026-09-15,False,https://aresmgmt.wd1.myworkdayjobs.com/External/job/New-York-NY/Associate--Global-Conferences---Events_R8426-1
NY + Jersey City,Ares Management,"Associate, Credit, US Direct Lending","New York, NY",workday,,2026-09-15,False,https://aresmgmt.wd1.myworkdayjobs.com/External/job/New-York-NY/Associate--Credit--US-Direct-Lending_R8464
NY + Jersey City,Ares Management,"Associate, GP Stakes, Secondaries","New York, NY",workday,,2026-09-15,False,https://aresmgmt.wd1.myworkdayjobs.com/External/job/New-York-NY/Associate--GP-Stakes--Secondaries_R6931
NY + Jersey City,Ares Management,"Associate, Infrastructure Debt","New York, NY",workday,,2026-09-15,False,https://aresmgmt.wd1.myworkdayjobs.com/External/job/New-York-NY/Associate--Infrastructure-Debt_R7808
NY + Jersey City,Ares Management,"Associate, Infrastructure Equity","New York, NY",workday,,2026-09-17,False,https://aresmgmt.wd1.myworkdayjobs.com/External/job/New-York-NY/Associate--Infrastructure-Equity_R8476
NY + Jersey City,Ares Management,"Associate, Infrastructure Equity Asset Management","New York, NY",workday,,2026-09-15,False,https://aresmgmt.wd1.myworkdayjobs.com/External/job/New-York-NY/Associate--Infrastructure-Equity-Asset-Management_R8478
NY + Jersey City,Ares Management,"Associate, Investment Operations","New York, NY",workday,,2026-09-15,False,https://aresmgmt.wd1.myworkdayjobs.com/External/job/New-York-NY/Associate--Operational-Excellence_R8160
NY + Jersey City,Ares Management,"Associate, Private Equity Secondaries","New York, NY",workday,,2026-09-15,False,https://aresmgmt.wd1.myworkdayjobs.com/External/job/New-York-NY/Associate--Private-Equity-Secondaries_R8077
NY + Jersey City,Ares Management,"Associate, Real Estate Equity","New York, NY",workday,,2026-09-29,False,https://aresmgmt.wd1.myworkdayjobs.com/External/job/New-York-NY/Associate--Real-Estate-Equity_R8600
NY + Jersey City,Ares Management,"Associate, Strategic Partnerships","New York, NY",workday,,2026-09-15,False,https://aresmgmt.wd1.myworkdayjobs.com/External/job/New-York-NY/Senior-Associate--Strategic-Partnerships_R7402
NY + Jersey City,Aston Carter,Executive Operations Associate · Contract,"New York, New York, USA",phenom,2026-09-22,2026-10-05,True,https://careers.astoncarter.com/us/en/job/ASCAUSJP006303406ENUS
NY + Jersey City,Aston Carter,Executive Operations Associate · Contract,"New York, New York, USA",phenom,2026-09-23,2026-10-05,True,https://careers.astoncarter.com/us/en/job/ASCAUSJP006304045ENUS
NY + Jersey City,BMO,"Analyst, Corporate Banking, Project and Energy Transition Finance","New York, NY, USA",workday,2026-09-08,2026-09-16,False,https://bmo.wd3.myworkdayjobs.com/External/job/New-York-NY-USA/Analyst--Corporate-Banking--Project-and-Energy-Transition-Finance_R260025926
NY + Jersey City,BMO,Equity Research Associate – Energy Transition & Infrastructure,"New York, NY, USA",workday,2026-10-04,2026-10-05,True,https://bmo.wd3.myworkdayjobs.com/External/job/New-York-NY-USA/Equity-Research-Associate---Energy-Transition---Infrastructure_R260028184
NY + Jersey City,BMO,Equity Research Associate – U.S. Chemicals,"New York, NY, USA",workday,2026-10-02,2026-09-16,False,https://bmo.wd3.myworkdayjobs.com/External/job/New-York-NY-USA/Equity-Research-Associate---US-Chemicals_R260025210
NY + Jersey City,BMO,"Equity Research Associate – U.S. Financials – Brokers, Asset Managers & Trust Banks","New York, NY, USA",workday,2026-09-10,2026-09-16,False,https://bmo.wd3.myworkdayjobs.com/External/job/New-York-NY-USA/Equity-Research-Associate---US-Financials---Brokers--Asset-Managers---Trust-Banks_R260026347
NY + Jersey City,BMO,Global Markets Analyst,"New York, NY, USA",workday,2026-10-05,2026-10-05,True,https://bmo.wd3.myworkdayjobs.com/External/job/New-York-NY-USA/Global-Markets-Analyst_R260022769-2
NY + Jersey City,BMO,"Investment Banking Analyst, Technology","New York, NY, USA",workday,2026-09-30,2026-09-16,False,https://bmo.wd3.myworkdayjobs.com/External/job/New-York-NY-USA/Investment-Banking-Analyst--Technology_R260025060-1
NY + Jersey City,BMO,"Investment Banking Associate, Technology","New York, NY, USA",workday,2026-09-30,2026-09-16,False,https://bmo.wd3.myworkdayjobs.com/External/job/New-York-NY-USA/Investment-Banking-Associate--Technology_R260025061-1
NY + Jersey City,BTIG,"Business Operations & Analytics, Associate","New York, New York, United States",greenhouse,2026-09-23,2026-09-24,False,https://job-boards.greenhouse.io/btig27/jobs/8840895002
NY + Jersey City,BTIG,Equity Research Supervisory Analyst,"New York, New York, United States",greenhouse,2026-09-18,2026-09-19,False,https://job-boards.greenhouse.io/btig27/jobs/8820862002
NY + Jersey City,BTIG,"Equity Research, Associate, Chemicals","New York, New York, United States",greenhouse,2026-10-01,2026-10-01,False,https://job-boards.greenhouse.io/btig27/jobs/8859835002
NY + Jersey City,Bank of America,Alternative Investments Sales Strategy Analyst,New York,workday,2026-09-28,2026-09-29,False,https://ghr.wd1.myworkdayjobs.com/Lateral-US/job/New-York/Alternative-Investments-Sales-Strategy-Analyst_26025230-2
NY + Jersey City,Bank of America,Analyst-Leveraged Acquisition Finance,New York,workday,2026-09-25,2026-09-24,False,https://ghr.wd1.myworkdayjobs.com/Lateral-US/job/New-York/Analyst-Leveraged-Acquisition-Finance_26035147
NY + Jersey City,Bank of America,"Analyst/ Associate - Equity Research, IT Hardware & Technology Supply Chain",New York,workday,2026-09-24,2026-09-23,False,https://ghr.wd1.myworkdayjobs.com/Lateral-US/job/New-York/Associate--VP---Equity-Research--IT-Hardware---Technology-Supply-Chain_26020844
NY + Jersey City,Bank of America,"Analyst/ Associate: Equity Research, Gaming & Lodging",New York,workday,2026-09-11,2026-09-15,False,https://ghr.wd1.myworkdayjobs.com/Lateral-US/job/New-York/Analyst--Associate--Equity-Research--Gaming---Lodging_26033603
NY + Jersey City,Bank of America,"Analyst/Associate: Equity Research –Telecommunication, Data Center and Tower",New York,workday,2026-09-14,2026-09-15,False,https://ghr.wd1.myworkdayjobs.com/Lateral-US/job/New-York/Analyst-Associate--Equity-Research---Telecommunication--Comm-Infrastructure-and-Comm-Software_26033549
NY + Jersey City,Bank of America,"Associate: Global Research, Commodity Analyst",New York,workday,2026-09-08,2026-09-15,False,https://ghr.wd1.myworkdayjobs.com/Lateral-US/job/New-York/Associate--Global-Research--Commodity-Analyst_26032946
NY + Jersey City,Bank of America,Equity Research Analyst/Associate - Consumer Finance,New York,workday,2026-09-28,2026-09-15,False,https://ghr.wd1.myworkdayjobs.com/Lateral-US/job/New-York/Equity-Research-Analyst-Associate--Payments--Processors---IT-Services_26020311
NY + Jersey City,Bank of America,GCIB - Data Management Business Support Associate,New York,workday,2026-09-30,2026-10-01,False,https://ghr.wd1.myworkdayjobs.com/Lateral-US/job/New-York/GCIB---Data-Management-Business-Support-Associate_26030527-1
NY + Jersey City,Bank of America,"Global Markets, Quantitative Finance Analyst",Jersey City,workday,2026-10-01,2026-10-01,False,https://ghr.wd1.myworkdayjobs.com/Lateral-US/job/Jersey-City/Global-Markets--Quantitative-Finance-Analyst_26036233-2
NY + Jersey City,Bank of America,Private Wealth Client Associate,New York,workday,2026-09-25,2026-09-26,False,https://ghr.wd1.myworkdayjobs.com/Lateral-US/job/New-York/Private-Wealth-Client-Associate_26035449
NY + Jersey City,Bank of America,Quantitative Finance Analyst,New York,workday,2026-09-24,2026-09-25,False,https://ghr.wd1.myworkdayjobs.com/Lateral-US/job/New-York/Quantitative-Finance-Analyst_26035260
NY + Jersey City,Bank of America,Registered Private Wealth Client Associate,New York,workday,2026-09-25,2026-09-15,False,https://ghr.wd1.myworkdayjobs.com/Lateral-US/job/New-York/Registered-Private-Wealth-Client-Associate_26030826
NY + Jersey City,Bank of America,Registered Wealth Management Client Associate,New York,workday,2026-09-23,2026-09-24,False,https://ghr.wd1.myworkdayjobs.com/Lateral-US/job/New-York/Registered-Wealth-Management-Client-Associate_26035154
NY + Jersey City,Bank of America,Wealth Management Client Associate,NEW YORK,workday,2026-09-26,2026-09-27,False,https://ghr.wd1.myworkdayjobs.com/Lateral-US/job/NEW-YORK/Wealth-Management-Client-Associate_26035523-2
NY + Jersey City,Barclays,Banking Associate Graduate Program 2027 New York City – Mergers and Acquisitions,"New York, United States",barclays,,2026-09-16,False,https://search.jobs.barclays/job/new-york/banking-associate-graduate-program-2027-new-york-city-mergers-and-acquisitions/13015/100128641136
NY + Jersey City,Barclays,"Banking Associate Graduate Program 2027 New York City – Real Estate, Gaming and Lodging","New York, United States",barclays,,2026-09-16,False,https://search.jobs.barclays/job/new-york/banking-associate-graduate-program-2027-new-york-city-real-estate-gaming-and-lodging/13015/100032499776
NY + Jersey City,Barclays,"Equity Research Biotech, Financial Associate","New York, United States",barclays,,2026-09-16,False,https://search.jobs.barclays/job/new-york/equity-research-biotech-financial-associate/13015/98199081984
NY + Jersey City,Barclays,Equity Research Multi-Industry Analyst,"New York, United States",barclays,,2026-09-16,False,https://search.jobs.barclays/job/new-york/equity-research-multi-industry-analyst/13015/99982725456
NY + Jersey City,Barclays,Fundamental Credit Research Analyst,"New York, United States",barclays,,2026-10-02,False,https://search.jobs.barclays/job/new-york/fundamental-credit-research-analyst/13015/101448524592
NY + Jersey City,Barclays,High Yield Credit Research Analyst,"New York, United States",barclays,,2026-10-02,False,https://search.jobs.barclays/job/new-york/high-yield-credit-research-analyst/13015/101448524064
NY + Jersey City,Barclays,Research Analyst,"New York, United States",barclays,,2026-09-28,False,https://search.jobs.barclays/job/new-york/research-analyst/13015/101270804048
NY + Jersey City,Barclays,Residential Warehouse Trader Analyst,"New York, United States",barclays,,2026-09-29,False,https://search.jobs.barclays/job/new-york/residential-warehouse-trader-analyst/13015/99217215456
NY + Jersey City,BlackRock,2027 GIP Infrastructure Private Equity Investment Associate,"New York, NY",blackrock,2026-09-30,2026-10-01,False,https://careers.blackrock.com/job/new-york/2027-gip-infrastructure-private-equity-investment-associate/45831/101376623488
NY + Jersey City,BlackRock,"Aladdin Private Markets, Product Marketing, Associate","New York, NY",blackrock,2026-09-09,2026-09-17,False,https://careers.blackrock.com/job/new-york/aladdin-private-markets-product-marketing-associate/45831/99342597104
NY + Jersey City,BlackRock,"Associate, BlackRock Investment Stewardship - Financials Sector","New York, NY",blackrock,2026-09-18,2026-09-19,False,https://careers.blackrock.com/job/new-york/associate-blackrock-investment-stewardship-financials-sector/45831/98193327984
NY + Jersey City,BlackRock,"Associate, Corporate Development","New York, NY",blackrock,2026-09-18,2026-09-19,False,https://careers.blackrock.com/job/new-york/associate-corporate-development/45831/98467880864
NY + Jersey City,BlackRock,"Associate, Credit Facility Management, PFS - New York","New York, NY",blackrock,2026-09-30,2026-09-17,False,https://careers.blackrock.com/job/new-york/associate-credit-facility-management-pfs-new-york/45831/98479623408
NY + Jersey City,BlackRock,"Associate, Digital Assets","New York, NY",blackrock,2026-09-30,2026-10-01,False,https://careers.blackrock.com/job/new-york/associate-digital-assets/45831/101376625920
NY + Jersey City,BlackRock,"Associate, Equity Capital Markets","New York, NY",blackrock,2026-09-21,2026-09-22,False,https://careers.blackrock.com/job/new-york/associate-equity-capital-markets/45831/100955796064
NY + Jersey City,BlackRock,"Associate, External Reporting","New York, NY",blackrock,2026-09-22,2026-09-23,False,https://careers.blackrock.com/job/new-york/associate-external-reporting/45831/101011551856
NY + Jersey City,BlackRock,"Associate, GPS Retirement Product Innovation","New York, NY",blackrock,2026-10-05,2026-10-05,True,https://careers.blackrock.com/job/new-york/associate-gps-retirement-product-innovation/45831/99181665168
NY + Jersey City,BlackRock,"Associate, Institutional - Pensions","New York, NY",blackrock,2026-09-30,2026-09-30,False,https://careers.blackrock.com/job/new-york/associate-institutional-pensions/45831/99189702976
NY + Jersey City,BlackRock,"Associate, Investment Valuation Infrastructure - GIP","New York, NY",blackrock,2026-10-02,2026-10-03,False,https://careers.blackrock.com/job/new-york/associate-investment-valuation-infrastructure-gip/45831/101457188832
NY + Jersey City,BlackRock,"Associate, Liquid Credit Portfolio Analytics & Reporting, PFS - New York","New York, NY",blackrock,2026-09-22,2026-09-17,False,https://careers.blackrock.com/job/new-york/associate-liquid-credit-portfolio-analytics-and-reporting-pfs-new-york/45831/98542068352
NY + Jersey City,BlackRock,"Associate, Model Portfolio Solutions (MPS) Model Portfolio Strategist, Multi-Asset Strategies & Solutions (MASS)","New York, NY",blackrock,2026-09-26,2026-09-26,False,https://careers.blackrock.com/job/new-york/associate-model-portfolio-solutions-mps-model-portfolio-strategist-multi-asset-strategies-and-solut/45831/101170403072
NY + Jersey City,BlackRock,"Associate, Private Credit/PEP Quality Control Financial Reporting, PFS","New York, NY",blackrock,2026-09-29,2026-09-29,False,https://careers.blackrock.com/job/new-york/associate-private-credit-pep-quality-control-financial-reporting-pfs/45831/98752046896
NY + Jersey City,BlackRock,"Associate, Product Strategist - Fundamental Equities, Thematics & Sectors Team","New York, NY",blackrock,2026-09-15,2026-09-17,False,https://careers.blackrock.com/job/new-york/associate-product-strategist-fundamental-equities-thematics-and-sectors-team/45831/100681309744
NY + Jersey City,BlackRock,"Associate, Securities Lending Quantitative Research and Algorithmic Trading, BlackRock Global Markets (BGM)","New York, NY",blackrock,2026-09-19,2026-09-19,False,https://careers.blackrock.com/job/new-york/associate-securities-lending-quantitative-research-and-algorithmic-trading-blackrock-global-markets/45831/100850599792
NY + Jersey City,BlackRock,"Associate, Software Engineer - Aladdin Graph","New York, NY",blackrock,2026-09-22,2026-09-22,False,https://careers.blackrock.com/job/new-york/associate-software-engineer-aladdin-graph/45831/100968495568
NY + Jersey City,BlackRock,"Associate, Strategic Financing, PFS - New York","New York, NY",blackrock,2026-10-05,2026-09-17,False,https://careers.blackrock.com/job/new-york/associate-strategic-financing-pfs-new-york/45831/98588538768
NY + Jersey City,BlackRock,"Backend Java Engineer - Post Trade Accounting, Associate","New York, NY",blackrock,2026-09-08,2026-09-17,False,https://careers.blackrock.com/job/new-york/backend-java-engineer-post-trade-accounting-associate/45831/96048442528
NY + Jersey City,BlackRock,BlackRock Active Investment Stewardship Operations - Associate,"New York, NY",blackrock,2026-09-28,2026-09-28,False,https://careers.blackrock.com/job/new-york/blackrock-active-investment-stewardship-operations-associate/45831/101270019760
NY + Jersey City,BlackRock,"Executive Recruiter, Associate","New York, NY",blackrock,2026-09-10,2026-09-17,False,https://careers.blackrock.com/job/new-york/executive-recruiter-associate/45831/98836248736
NY + Jersey City,BlackRock,"GIP Capital Formation - Associate, Product Specialist - Infrastructure Credit","New York, NY",blackrock,2026-09-23,2026-09-24,False,https://careers.blackrock.com/job/new-york/gip-capital-formation-associate-product-specialist-infrastructure-credit/45831/101059211008
NY + Jersey City,BlackRock,"Product Operations Associate, Aladdin Platform Engineering","New York, NY",blackrock,2026-09-22,2026-09-23,False,https://careers.blackrock.com/job/new-york/product-operations-associate-aladdin-platform-engineering/45831/101002685744
NY + Jersey City,BlackRock,"Technical Product Manager, Aladdin Next - Analyst","New York, NY",blackrock,2026-10-02,2026-10-03,False,https://careers.blackrock.com/job/new-york/technical-product-manager-aladdin-next-analyst/45831/101457189024
NY + Jersey City,BlackRock,"Technical Support, Associate","New York, NY",blackrock,2026-09-17,2026-09-18,False,https://careers.blackrock.com/job/new-york/technical-support-associate/45831/90807529696
NY + Jersey City,BlackRock,"Veterans Transition Program -Associate, Financial Planning & Analysis","New York, NY",blackrock,2026-09-10,2026-09-17,False,https://careers.blackrock.com/job/new-york/veterans-transition-program-associate-financial-planning-and-analysis/45831/96829434544
NY + Jersey City,Blackstone,"AI Engineer, Analyst – Data Analytics & AI",New York,workday,,2026-09-15,False,https://blackstone.wd1.myworkdayjobs.com/Blackstone_Careers/job/New-York/AI-Engineer--Analyst---Data-Analytics---AI_45238-1
NY + Jersey City,Blackstone,"AI Engineer, Associate – Data Analytics & AI",New York,workday,,2026-09-15,False,https://blackstone.wd1.myworkdayjobs.com/Blackstone_Careers/job/New-York/AI-Engineer--Associate---Data-Analytics---AI_45237-1
NY + Jersey City,Blackstone,BXMA - Business & Financial Evaluation - Analyst,New York,workday,,2026-09-19,False,https://blackstone.wd1.myworkdayjobs.com/Blackstone_Careers/job/New-York/BXMA---Business---Financial-Evaluation---Analyst_45566
NY + Jersey City,Blackstone,"BXMA- Direct Trading Operations, Analyst",New York,workday,,2026-09-15,False,https://blackstone.wd1.myworkdayjobs.com/Blackstone_Careers/job/New-York/BXMA--Direct-Trading-Operations--Analyst_43372
NY + Jersey City,Blackstone,"BXMA- Quantitative Strategy, Associate",New York,workday,,2026-09-15,False,https://blackstone.wd1.myworkdayjobs.com/Blackstone_Careers/job/New-York/BXMA--Quantitative-Strategy--Analyst_41729
NY + Jersey City,Blackstone,"Blackstone Credit & Insurance - CIO - Sustainability, Associate",New York,workday,,2026-09-15,False,https://blackstone.wd1.myworkdayjobs.com/Blackstone_Careers/job/New-York/Blackstone-Credit---Insurance---CIO---Sustainability--Associate_45235-2
NY + Jersey City,Blackstone,"Blackstone Credit & Insurance - Chief Investment Office, Portfolio Management, Associate",New York,workday,,2026-09-15,False,https://blackstone.wd1.myworkdayjobs.com/Blackstone_Careers/job/New-York/Blackstone-Credit---Insurance---Chief-Investment-Office--Portfolio-Management--Associate_40953
NY + Jersey City,Blackstone,"Blackstone Executive Offices - Leadership Program, Analyst",New York,workday,,2026-09-15,False,https://blackstone.wd1.myworkdayjobs.com/Blackstone_Careers/job/New-York/Blackstone-Executive-Offices---Leadership-Program--Analyst_45155-2
NY + Jersey City,Blackstone,"Blackstone Executive Offices - Strategic Relationships, Analyst",New York,workday,,2026-09-15,False,https://blackstone.wd1.myworkdayjobs.com/Blackstone_Careers/job/New-York/Blackstone-Executive-Offices---Strategic-Relationships--Analyst_43716
NY + Jersey City,Blackstone,Blackstone Multi-Asset Investing (BXMA) - Real Estate Investment Associate,New York,workday,,2026-09-15,False,https://blackstone.wd1.myworkdayjobs.com/Blackstone_Careers/job/New-York/Blackstone-Multi-Asset-Investing--BXMA----Total-Portfolio-Management--Real-Estate-Investment-Associate_42672-1
NY + Jersey City,Blackstone,"Blackstone Multi-Asset Investing (BXMA)- Treasury, Analyst",New York,workday,,2026-09-15,False,https://blackstone.wd1.myworkdayjobs.com/Blackstone_Careers/job/New-York/Blackstone-Multi-Asset-Investing--BXMA---Treasury--Analyst_39176
NY + Jersey City,Blackstone,"Blackstone Multi-Asset Investing (BXMA): Product Management- Business Analyst, Associate",New York,workday,,2026-09-15,False,https://blackstone.wd1.myworkdayjobs.com/Blackstone_Careers/job/New-York/Blackstone-Multi-Asset-Investing--BXMA---Product-Management--Business-Analyst--Associate_41323-2
NY + Jersey City,Blackstone,"Blackstone Private Wealth, Strategic Initiatives, Associate",New York,workday,,2026-09-15,False,https://blackstone.wd1.myworkdayjobs.com/Blackstone_Careers/job/New-York/Blackstone-Private-Wealth--Associate_44370
NY + Jersey City,Blackstone,"Blackstone Real Estate Debt Strategies (BREDS) Finance & Operations, Associate",New York,workday,,2026-09-16,False,https://blackstone.wd1.myworkdayjobs.com/Blackstone_Careers/job/New-York/Blackstone-Real-Estate-Debt-Strategies--BREDS--Finance---Operations--Associate_42298-1
NY + Jersey City,Blackstone,"Data Analyst, Associate - Private Equity Technology",New York,workday,,2026-10-01,False,https://blackstone.wd1.myworkdayjobs.com/Blackstone_Careers/job/New-York/Data-Analyst--Associate---Private-Equity-Technology_43933-2
NY + Jersey City,Blackstone,"GP Stakes Strategic Value, Analyst/Associate",New York,workday,,2026-09-15,False,https://blackstone.wd1.myworkdayjobs.com/Blackstone_Careers/job/New-York/GP-Stakes-Strategic-Value--Analyst_44673
NY + Jersey City,Blackstone,"Private Wealth Marketing - Investment Content Strategist, Associate",New York,workday,,2026-09-15,False,https://blackstone.wd1.myworkdayjobs.com/Blackstone_Careers/job/New-York/Education-Content-Strategist--Private-Wealth-Marketing--Associate_38151
NY + Jersey City,Blackstone,"Product Manager, Associate – Investor Technology",New York,workday,,2026-09-15,False,https://blackstone.wd1.myworkdayjobs.com/Blackstone_Careers/job/New-York/Product-Manager--Associate---Investor-Technology_45126
NY + Jersey City,Blackstone,"Public Affairs, Analyst",New York,workday,,2026-09-15,False,https://blackstone.wd1.myworkdayjobs.com/Blackstone_Careers/job/New-York/Public-Affairs--Associate_43586
NY + Jersey City,Blackstone,"Real Estate - Capital Markets (Digital Infrastructure), Associate",New York,workday,,2026-09-15,False,https://blackstone.wd1.myworkdayjobs.com/Blackstone_Careers/job/New-York/Real-Estate---Capital-Markets--Associate_43112
NY + Jersey City,Blackstone,"Software Engineer, Associate – Enterprise Technology",New York,workday,,2026-09-15,False,https://blackstone.wd1.myworkdayjobs.com/Blackstone_Careers/job/New-York/Platform-Engineer--Associate---Physical-Security_41692-1
NY + Jersey City,Blackstone,"Strategic Incentives Group - Global Equity, Associate",New York,workday,,2026-09-15,False,https://blackstone.wd1.myworkdayjobs.com/Blackstone_Careers/job/New-York/Strategic-Incentives-Group---Global-Equity--Analyst_45164-2
NY + Jersey City,Blackstone,"Threat Intelligence Analyst, Associate - Security Operations",New York,workday,,2026-09-15,False,https://blackstone.wd1.myworkdayjobs.com/Blackstone_Careers/job/New-York/Threat-Intelligence-Analyst--Associate---Security-Operations_43986-1
NY + Jersey City,Blue Owl Capital,"Direct Lending, Special Assets, Associate",NY - 399 - 36,workday,2026-09-14,2026-09-17,False,https://blueowl.wd1.myworkdayjobs.com/blueowl/job/NY---399---36/Workouts--Direct-Lending-Associate_R-101852-2
NY + Jersey City,Bonhams,"Sale Coordinator, American & Design Departments","New York, New York",bamboohr,,2026-10-01,False,https://bonhams.bamboohr.com/careers/688
NY + Jersey City,Bonhams,"Sale Coordinator, Chinese Works of Art Department","New York, New York",bamboohr,,2026-10-02,False,https://bonhams.bamboohr.com/careers/694
NY + Jersey City,Bonhams,"Sale Coordinator, Handbags & Fashion and Watches Departments","New York, New York",bamboohr,,2026-10-02,False,https://bonhams.bamboohr.com/careers/693
NY + Jersey City,Brookfield Asset Management,"Analyst, Business Applications","New York, New York",workday,,2026-09-15,False,https://brookfield.wd5.myworkdayjobs.com/brookfield/job/New-York-New-York/Analyst--Investor-Applications_R2049135
NY + Jersey City,Brookfield Asset Management,"Analyst, HR Operations","New York, New York",workday,,2026-09-15,False,https://brookfield.wd5.myworkdayjobs.com/brookfield/job/New-York-New-York/Analyst--HR-Operations_R2052490
NY + Jersey City,Brookfield Asset Management,"Associate, Global Client Group – Diligence Management (Real Estate) (Contract)","New York, New York",workday,,2026-09-15,False,https://brookfield.wd5.myworkdayjobs.com/brookfield/job/New-York-New-York/Associate--Global-Client-Group---Diligence-Management--Real-Estate---Contract-_R2051449
NY + Jersey City,Brookfield Asset Management,"Associate, Global Client Group – Fundraise Management (Infrastructure)","New York, New York",workday,,2026-09-15,False,https://brookfield.wd5.myworkdayjobs.com/brookfield/job/New-York-New-York/Associate--Global-Client-Group---Fundraise-Management--Infrastructure-_R2051843-1
NY + Jersey City,Brookfield Asset Management,"Associate, Housing","New York, New York",workday,,2026-09-15,False,https://brookfield.wd5.myworkdayjobs.com/brookfield/job/New-York-New-York/Associate--Housing_R2052038
NY + Jersey City,Brookfield Asset Management,"Associate, Human Resources","New York, New York",workday,,2026-09-15,False,https://brookfield.wd5.myworkdayjobs.com/brookfield/job/New-York-New-York/Associate--Human-Resources_R2052811
NY + Jersey City,Brookfield Asset Management,"Associate, Infrastructure AI","New York, New York",workday,,2026-09-16,False,https://brookfield.wd5.myworkdayjobs.com/brookfield/job/New-York-New-York/Associate--Infrastructure-AI_R2052872
NY + Jersey City,Brookfield Asset Management,"Associate, Investments (Energy)","New York, New York",workday,,2026-09-15,False,https://brookfield.wd5.myworkdayjobs.com/brookfield/job/New-York-New-York/Associate--Investments--Energy-_R2051526
NY + Jersey City,Brookfield Asset Management,"Associate, Investor Relations (Energy)","New York, New York",workday,,2026-09-15,False,https://brookfield.wd5.myworkdayjobs.com/brookfield/job/New-York-New-York/Associate--Investor-Relations--Energy-_R2051516
NY + Jersey City,Brookfield Asset Management,Legal Analyst,"New York, New York",workday,,2026-09-15,False,https://brookfield.wd5.myworkdayjobs.com/brookfield/job/New-York-New-York/Legal-Analyst-Paralegal_R2052278
NY + Jersey City,Brookfield Asset Management,Paralegal / Legal Analyst,"New York, New York",workday,,2026-09-17,False,https://brookfield.wd5.myworkdayjobs.com/brookfield/job/New-York-New-York/Legal-Analyst--Infrastructure_R2052924
NY + Jersey City,Brookfield Asset Management,Paralegal/Legal Analyst,"New York, New York",workday,,2026-09-17,False,https://brookfield.wd5.myworkdayjobs.com/brookfield/job/New-York-New-York/Paralegal_R2052822
NY + Jersey City,Brookfield Asset Management,Regional Analyst,"New York, New York",workday,,2026-09-15,False,https://brookfield.wd5.myworkdayjobs.com/brookfield/job/New-York-New-York/Regional-Analyst_R2052821
NY + Jersey City,CAIS,Partner Experience (Analyst – Associate),"New York, New York",greenhouse,2026-09-15,2026-09-16,False,https://job-boards.greenhouse.io/cais/jobs/8809524002
NY + Jersey City,CIBC,2027 Analyst I - Corporate Banking,"New York, NY",workday,2026-10-05,2026-09-17,False,https://cibc.wd3.myworkdayjobs.com/search/job/New-York-NY/XMLNAME-2027-Analyst-I---Corporate-Banking_2618416-1
NY + Jersey City,CIBC,"2027 Analyst I, Equity Solutions Group","New York, NY",workday,2026-09-08,2026-09-17,False,https://cibc.wd3.myworkdayjobs.com/search/job/New-York-NY/XMLNAME-2027-Analyst-I--Equity-Solutions-Group_2618393-1
NY + Jersey City,CIBC,"2027 Analyst I, Global Investment Banking - Energy, Infrastructure, & Transition","New York, NY",workday,2026-09-10,2026-09-17,False,https://cibc.wd3.myworkdayjobs.com/search/job/New-York-NY/XMLNAME-2027-Analyst-I--Global-Investment-Banking---Energy--Infrastructure----Transition_2618583-1
NY + Jersey City,CIBC,"2027 Analyst I, Global Investment Banking - Industrials","New York, NY",workday,2026-09-22,2026-09-22,False,https://cibc.wd3.myworkdayjobs.com/search/job/New-York-NY/XMLNAME-2027-Analyst-I--Global-Investment-Banking---Industrials_2619415-1
NY + Jersey City,CIBC,"Analyst, EIT, Global Investment Banking","New York, NY",workday,2026-09-22,2026-09-23,False,https://cibc.wd3.myworkdayjobs.com/search/job/New-York-NY/Analyst--EIT--Global-Investment-Banking_2619487-1
NY + Jersey City,CIBC,"Analyst, Sports & Entertainment, Investment Banking","New York, NY",workday,2026-09-22,2026-09-23,False,https://cibc.wd3.myworkdayjobs.com/search/job/New-York-NY/Analyst--Sports---Entertainment--Investment-Banking_2619486
NY + Jersey City,CIBC,Associate - US Trade Control,"New York, NY",workday,2026-09-23,2026-09-24,False,https://cibc.wd3.myworkdayjobs.com/search/job/New-York-NY/Associate---US-Trade-Control_2619561
NY + Jersey City,CIBC,"Associate, Corporate Banking","New York, NY",workday,2026-10-01,2026-10-01,False,https://cibc.wd3.myworkdayjobs.com/search/job/New-York-NY/Associate--Corporate-Banking_2620182-1
NY + Jersey City,CIBC,"Associate, Global Markets","New York, NY",workday,2026-09-30,2026-09-17,False,https://cibc.wd3.myworkdayjobs.com/search/job/New-York-NY/Associate--Global-Markets_2615673
NY + Jersey City,CIBC,"Associate, Sports & Entertainment, Investment Banking","New York, NY",workday,2026-09-22,2026-09-23,False,https://cibc.wd3.myworkdayjobs.com/search/job/New-York-NY/Associate--Sports---Entertainment--Investment-Banking_2619485-1
NY + Jersey City,CIL Management Consultants,Analyst,"New York, New York",pinpoint,,2026-09-17,False,https://careers.cil.com/en/postings/2bbcc3fb-5472-4e4d-b12e-520129fa5a12
NY + Jersey City,Cantor Fitzgerald,"AI Product & Engineering Associate, Investment Banking","New York, NY, United States",oracle,2026-09-22,2026-09-23,False,https://hdow.fa.us6.oraclecloud.com/hcmUI/CandidateExperience/en/sites/CX_1003/job/250028
NY + Jersey City,Cantor Fitzgerald,Analyst - Consumer & Retail Investment Banking (Class of 2027),"NY, United States",oracle,2026-09-23,2026-09-24,False,https://hdow.fa.us6.oraclecloud.com/hcmUI/CandidateExperience/en/sites/CX_1003/job/250035
NY + Jersey City,Cantor Fitzgerald,Capital Introduction Associate,"NY, United States",oracle,2026-09-16,2026-09-17,False,https://hdow.fa.us6.oraclecloud.com/hcmUI/CandidateExperience/en/sites/CX_1003/job/249978
NY + Jersey City,Cantor Fitzgerald,Equity Research Associate – Semiconductors & Semiconductor Equipment,"NY, United States",oracle,2026-09-16,2026-09-17,False,https://hdow.fa.us6.oraclecloud.com/hcmUI/CandidateExperience/en/sites/CX_1003/job/249980
NY + Jersey City,Cantor Fitzgerald,Real Estate Investment Banking Analyst (class of 2027),"NY, United States",oracle,2026-09-30,2026-09-30,False,https://hdow.fa.us6.oraclecloud.com/hcmUI/CandidateExperience/en/sites/CX_1003/job/250094
NY + Jersey City,Capital One,"Associate, Tech Operations","New York, NY",workday,2026-09-25,2026-09-25,False,https://capitalone.wd12.myworkdayjobs.com/Capital_One/job/New-York-NY/Associate--Tech-Operations_R1001929-1
NY + Jersey City,Carlyle,"2-Year Analyst, Asset-Backed Finance Capital Markets","New York, NY",workday,2026-09-15,2026-09-17,False,https://carlyle.wd1.myworkdayjobs.com/Carlyle/job/New-York-NY/XMLNAME-2-Year-Analyst--Asset-Backed-Finance-Capital-Markets_R-00079-1
NY + Jersey City,Carlyle,"2-Year Associate, Global Credit Management","New York, NY",workday,2026-09-09,2026-09-17,False,https://carlyle.wd1.myworkdayjobs.com/Carlyle/job/New-York-NY/Associate---2-Year_R-00275
NY + Jersey City,Carlyle,"Associate, Liquid Credit Research","New York, NY",workday,2026-09-18,2026-09-19,False,https://carlyle.wd1.myworkdayjobs.com/Carlyle/job/New-York-NY/Associate--Liquid-Credit-Research_R-00302
NY + Jersey City,Christie's,"Specialist, Private Sales, Jewellery and Watches",New York,workday,2026-10-05,2026-10-05,True,https://christies.wd3.myworkdayjobs.com/Christies_Careers/job/New-York/Specialist--Private-Sales--Jewellery-and-Watches_JR00015171
NY + Jersey City,Citadel Securities,Client Execution Trading,New York,citadel,,2026-09-16,False,https://www.citadelsecurities.com/careers/details/client-execution-trading/
NY + Jersey City,Citadel Securities,Crypto Quant Researcher,"Hong Kong, London, Miami, New York, Singapore",citadel,,2026-09-16,False,https://www.citadelsecurities.com/careers/details/crypto-quant-researcher/
NY + Jersey City,Citadel Securities,Machine Learning Researcher – PhD Graduate (US),"Miami, New York",citadel,,2026-09-16,False,https://www.citadelsecurities.com/careers/details/machine-learning-researcher-phd-graduate-us/
NY + Jersey City,Citadel Securities,Quantitative Research Engineer – PhD Graduate (US),"Miami, New York",citadel,,2026-09-16,False,https://www.citadelsecurities.com/careers/details/quantitative-research-engineer-phd-graduate-us/
NY + Jersey City,Citadel Securities,Quantitative Researcher / Quantitative Research Analyst,"Hong Kong, London, Miami, New York, Singapore, Zurich",citadel,,2026-09-16,False,https://www.citadelsecurities.com/careers/details/quantitative-researcher-quantitative-research-analyst/
NY + Jersey City,Citadel Securities,Quantitative Researcher – PhD Graduate (US),"Miami, New York",citadel,,2026-09-16,False,https://www.citadelsecurities.com/careers/details/quantitative-researcher-phd-graduate-us/
NY + Jersey City,Citadel Securities,Quantitative Trader,"Hong Kong, London, Miami, New York, Singapore",citadel,,2026-09-16,False,https://www.citadelsecurities.com/careers/details/quantitative-trader/
NY + Jersey City,Citadel Securities,Quantitative Trader – University Graduate (US – New York),New York,citadel,,2026-09-16,False,https://www.citadelsecurities.com/careers/details/quantitative-trader-university-graduate-us-new-york/
NY + Jersey City,Citadel Securities,Software Engineer – University Graduate (US),"Miami, New York",citadel,,2026-09-16,False,https://www.citadelsecurities.com/careers/details/software-engineer-university-graduate-us/
NY + Jersey City,Citadel Securities,Systematic Options Trader,"Miami, New York",citadel,,2026-09-16,False,https://www.citadelsecurities.com/careers/details/systematic-options-trader/
NY + Jersey City,Citadel Securities,Systematic Trader,"Dublin, Gurugram, Hong Kong, London, New York, Singapore",citadel,,2026-09-16,False,https://www.citadelsecurities.com/careers/details/systematic-trader/
NY + Jersey City,Citadel Securities,Trade Support Analyst,New York,citadel,,2026-10-01,False,https://www.citadelsecurities.com/careers/details/trade-support-analyst/
NY + Jersey City,Citadel Securities,UI Engineer- Global Trading Applications,New York,citadel,,2026-09-16,False,https://www.citadelsecurities.com/careers/details/ui-engineer-global-trading-applications/
NY + Jersey City,Citi,Application Development Technology Lead Analyst,"Jersey City, New Jersey, United States",citi,,2026-09-29,False,https://jobs.citi.com/job/jersey-city/application-development-technology-lead-analyst/287/101307444192
NY + Jersey City,Citi,Applications Development Programmer Analyst - C12,"Jersey City, New Jersey, United States",citi,,2026-10-01,False,https://jobs.citi.com/job/jersey-city/applications-development-programmer-analyst-c12/287/101370824640
NY + Jersey City,Citi,Asset Service Intermediate Associate Analyst,"Jersey City, New Jersey, United States",citi,,2026-09-16,False,https://jobs.citi.com/job/jersey-city/asset-service-intermediate-associate-analyst/287/100400042112
NY + Jersey City,Citi,Asset-Backed Securitization & Financing (“ABS&F”) - Associate - NEW YORK,"New York, New York, United States",citi,,2026-09-16,False,https://jobs.citi.com/job/new-york/asset-backed-securitization-and-financing-abs-and-f-associate-new-york/287/99842555728
NY + Jersey City,Citi,Asset-Backed Securitization and Financing - Associate,"New York, New York, United States",citi,,2026-09-16,False,https://jobs.citi.com/job/new-york/asset-backed-securitization-and-financing-associate/287/95413150560
NY + Jersey City,Citi,Associate - Healthcare Commercial Banking,"New York, New York, United States",citi,,2026-09-23,False,https://jobs.citi.com/job/new-york/associate-healthcare-commercial-banking/287/100996349440
NY + Jersey City,Citi,Cash and Trade Processing Analyst 2,"Getzville, New York, United States",citi,,2026-10-02,False,https://jobs.citi.com/job/getzville/cash-and-trade-processing-analyst-2/287/101406626784
NY + Jersey City,Citi,Cash and Trade Processing Intermediate Associate Analyst,"Jersey City, New Jersey, United States",citi,,2026-09-28,False,https://jobs.citi.com/job/jersey-city/cash-and-trade-processing-intermediate-associate-analyst/287/101275078944
NY + Jersey City,Citi,Citi Security and Investigative Services - Intelligence Lead Analyst,"New York, New York, United States",citi,,2026-10-03,False,https://jobs.citi.com/job/new-york/citi-security-and-investigative-services-intelligence-lead-analyst/287/101459317712
NY + Jersey City,Citi,Client Onboarding Associate Analyst,"Getzville, New York, United States",citi,,2026-09-16,False,https://jobs.citi.com/job/getzville/client-onboarding-associate-analyst/287/98695751264
NY + Jersey City,Citi,Corporate Banking Associate - Public Sector Banking,"New York, New York, United States",citi,,2026-09-16,False,https://jobs.citi.com/job/new-york/corporate-banking-associate-public-sector-banking/287/100296000224
NY + Jersey City,Citi,Corporate Banking Associate - Technology Sector,"New York, New York, United States",citi,,2026-09-23,False,https://jobs.citi.com/job/new-york/corporate-banking-associate-technology-sector/287/100996360688
NY + Jersey City,Citi,Dedicated Lending Associate SAFE Act - B10 - NEW YORK,"New York, New York, United States",citi,,2026-09-16,False,https://jobs.citi.com/job/new-york/dedicated-lending-associate-safe-act-b10-new-york/287/99075930176
NY + Jersey City,Citi,Execution Associate,"New York, New York, United States",citi,,2026-09-22,False,https://jobs.citi.com/job/new-york/execution-associate/287/100948860608
NY + Jersey City,Citi,"Functions - Finance, Full Time Associate, New York - USA, 2027","New York, New York, United States",citi,,2026-09-30,False,https://jobs.citi.com/job/new-york/functions-finance-full-time-associate-new-york-usa-2027/287/101328061408
NY + Jersey City,Citi,ICM Credit Risk Intermediate Analyst (Real Money Funds),"Getzville, New York, United States",citi,,2026-09-16,False,https://jobs.citi.com/job/getzville/icm-credit-risk-intermediate-analyst-real-money-funds/287/100035334400
NY + Jersey City,Citi,Investment Banking Associate - Communications,"New York, New York, United States",citi,,2026-10-01,False,https://jobs.citi.com/job/new-york/investment-banking-associate-communications/287/101394323200
NY + Jersey City,Citi,Investment Banking Associate - Equity Capital Markets,"New York, New York, United States",citi,,2026-09-16,False,https://jobs.citi.com/job/new-york/investment-banking-associate-equity-capital-markets/287/100683576416
NY + Jersey City,Citi,Investment Banking Associate - Industrials,"New York, New York, United States",citi,,2026-09-16,False,https://jobs.citi.com/job/new-york/investment-banking-associate-industrials/287/96971629472
NY + Jersey City,Citi,Market Operations Junior Analyst Program Hybrid,"Getzville, New York, United States",citi,,2026-09-16,False,https://jobs.citi.com/job/getzville/market-operations-junior-analyst-program-hybrid/287/99995232432
NY + Jersey City,Citi,Regional Marketing Intermediate Analyst,"New York, New York, United States",citi,,2026-09-16,False,https://jobs.citi.com/job/new-york/regional-marketing-intermediate-analyst/287/99183778016
NY + Jersey City,Citi,Relationship Associate - Public Sector Banking,"New York, New York, United States",citi,,2026-09-16,False,https://jobs.citi.com/job/new-york/relationship-associate-public-sector-banking/287/100296026544
NY + Jersey City,Citi,Securities & Derivatives Lead Analyst Hybrid,"New York, New York, United States",citi,,2026-09-16,False,https://jobs.citi.com/job/new-york/securities-and-derivatives-lead-analyst-hybrid/287/99807522464
NY + Jersey City,Citi,"Strategic Equity Solutions Advisory, Analyst/Associate","New York, New York, United States",citi,,2026-09-16,False,https://jobs.citi.com/job/new-york/strategic-equity-solutions-advisory-analyst-associate/287/99340993552
NY + Jersey City,Citi,"U.S. Consumer Cards - Full-Time Analyst, New York - USA, 2027","New York, New York, United States",citi,,2026-09-16,False,https://jobs.citi.com/job/new-york/u-s-consumer-cards-full-time-analyst-new-york-usa-2027/287/100133567712
NY + Jersey City,Citizens Financial Group,Associate II - Advisory (Digital Infrastructure),"New York, New York",citizens,,2026-09-18,False,https://jobs.citizensbank.com/job/new-york/associate-ii-advisory-digital-infrastructure/288/99132491760
NY + Jersey City,Citizens Financial Group,Development Consultant,"Johnston, Rhode Island; New York, New York; Westwood, Massachusetts",citizens,,2026-10-01,False,https://jobs.citizensbank.com/job/johnston/development-consultant/288/98603993136
NY + Jersey City,DRW,Quantitative Researcher - Prediction Markets,New York,greenhouse,2026-10-05,2026-10-05,True,https://job-boards.greenhouse.io/drweng/jobs/8256366
NY + Jersey City,DRW,Risk Product Analyst,New York,greenhouse,2026-09-29,2026-09-30,False,https://job-boards.greenhouse.io/drweng/jobs/8238021
NY + Jersey City,Deutsche Bank,"Associate - Corporate Banking Coverage (CBC), Industrials, Infrastructure & Energy","New York, 1 Columbus Circle",workday,2026-10-01,2026-09-15,False,https://db.wd3.myworkdayjobs.com/DBWebsite/job/New-York-1-Columbus-Circle/Associate---Corporate-Banking-Coverage--CBC---Industrials--Infrastructure---Energy_R0445313
NY + Jersey City,Deutsche Bank,Associate Trader – CMO Derivatives Desk,"New York, 1 Columbus Circle",workday,2026-09-13,2026-09-15,False,https://db.wd3.myworkdayjobs.com/DBWebsite/job/New-York-1-Columbus-Circle/Associate-Trader---CMO-Derivatives-Desk_R0450010
NY + Jersey City,Deutsche Bank,"Associate, Loans Strat, Group Strategic Analytics","New York, 1 Columbus Circle",workday,2026-10-01,2026-10-01,False,https://db.wd3.myworkdayjobs.com/DBWebsite/job/New-York-1-Columbus-Circle/Associate--Loans-Strat--Group-Strategic-Analytics_R0453927
NY + Jersey City,Deutsche Bank,BIN Sponsorship Product Analyst,"New York, 1 Columbus Circle",workday,2026-10-01,2026-09-15,False,https://db.wd3.myworkdayjobs.com/DBWebsite/job/New-York-1-Columbus-Circle/BIN-Sponsorship-Product-Analyst_R0440662
NY + Jersey City,Deutsche Bank,Client Enablement Oversight Associate,"New York, 1 Columbus Circle",workday,2026-09-11,2026-09-15,False,https://db.wd3.myworkdayjobs.com/DBWebsite/job/New-York-1-Columbus-Circle/Client-Enablement-Oversight-Associate_R0446739
NY + Jersey City,Deutsche Bank,Forwards Associate,"New York, 1 Columbus Circle",workday,2026-09-11,2026-09-15,False,https://db.wd3.myworkdayjobs.com/DBWebsite/job/New-York-1-Columbus-Circle/Forwards-Associate_R0447945
NY + Jersey City,Deutsche Bank,Global Corporate Coverage Associate– Non-Bank Financial Institutions,"New York, 1 Columbus Circle",workday,2026-09-30,2026-09-15,False,https://db.wd3.myworkdayjobs.com/DBWebsite/job/New-York-1-Columbus-Circle/Global-Corporate-Coverage-Associate--Non-Bank-Financial-Institutions_R0446398
NY + Jersey City,Deutsche Bank,Investment Banking & Capital Markets – Strategic Equity Transactions Group (SETG) Associate,"New York, 1 Columbus Circle",workday,2026-09-11,2026-09-15,False,https://db.wd3.myworkdayjobs.com/DBWebsite/job/New-York-1-Columbus-Circle/Investment-Banking---Capital-Markets---Strategic-Equity-Transactions-Group--SETG--Associate_R0447623
NY + Jersey City,Deutsche Bank,Investment Banking and Capital Markets-Banker- Healthcare Associate,"New York, 1 Columbus Circle",workday,2026-10-05,2026-09-15,False,https://db.wd3.myworkdayjobs.com/DBWebsite/job/New-York-1-Columbus-Circle/Investment-Banking-and-Capital-Markets-Banker-Healthcare-Associate_R0441015
NY + Jersey City,Deutsche Bank,Investment Banking and Capital Markets-Banker-Fintech Associate,"New York, 1 Columbus Circle",workday,2026-09-21,2026-09-22,False,https://db.wd3.myworkdayjobs.com/DBWebsite/job/New-York-1-Columbus-Circle/Investment-Banking-and-Capital-Markets-Banker-Fintech-Associate_R0449153
NY + Jersey City,Deutsche Bank,Listed & COTC Derivatives - CFTC Client Segregation - Associate,"New York, 1 Columbus Circle",workday,2026-10-05,2026-10-05,True,https://db.wd3.myworkdayjobs.com/DBWebsite/job/New-York-1-Columbus-Circle/Listed---COTC-Derivatives---CFTC-Client-Segregation---Associate_R0439553-1
NY + Jersey City,Deutsche Bank,"Research Associate, Semiconductors & Semiconductor Capital Equipment","New York, 1 Columbus Circle",workday,2026-10-05,2026-09-15,False,https://db.wd3.myworkdayjobs.com/DBWebsite/job/New-York-1-Columbus-Circle/US-Biotech-Pharma---Associate_R0413965
NY + Jersey City,Deutsche Bank,Technology Associate - US GCC,"New York, 1 Columbus Circle",workday,2026-09-30,2026-09-15,False,https://db.wd3.myworkdayjobs.com/DBWebsite/job/New-York-1-Columbus-Circle/Technology-Associate---US-GCC_R0449208
NY + Jersey City,Deutsche Bank,US Aerospace & Defense - Analyst,"New York, 1 Columbus Circle",workday,2026-09-11,2026-09-15,False,https://db.wd3.myworkdayjobs.com/DBWebsite/job/New-York-1-Columbus-Circle/US-Research-Associate--REITs---Associate_R0374644
NY + Jersey City,Deutsche Bank,US High Yield Consumer Analyst,"New York, 1 Columbus Circle",workday,2026-09-11,2026-09-15,False,https://db.wd3.myworkdayjobs.com/DBWebsite/job/New-York-1-Columbus-Circle/US-High-Yield-Consumer-Analyst_R0447164
NY + Jersey City,Estée Lauder,"Assistant Manager, Marketing, Jo Malone London NA","New York, NY, US",eightfold,2026-09-29,2026-10-01,False,https://careers.elcompanies.com/careers/job/1168275035330
NY + Jersey City,Estée Lauder,"Assistant Manager, Performance Marketing","New York, NY, US",eightfold,2026-09-29,2026-10-01,False,https://careers.elcompanies.com/careers/job/1168275465567
NY + Jersey City,Estée Lauder,"Assistant Manager, Performance Marketing","New York, NY, US",eightfold,2026-09-29,2026-10-01,False,https://careers.elcompanies.com/careers/job/1168275465769
NY + Jersey City,Estée Lauder,"Associate, Amazon CA Site Merchandiser","New York, NY, US",eightfold,2026-09-29,2026-10-01,False,https://careers.elcompanies.com/careers/job/1168275465898
NY + Jersey City,Estée Lauder,"Associate, CRM & Email Marketing","New York, NY, US",eightfold,2026-09-30,2026-10-01,False,https://careers.elcompanies.com/careers/job/1168275520728
NY + Jersey City,Franklin Templeton,"BSP Debt Asset Management Associate, Commercial Real Estate","New York, New York, United States of America",phenom,2026-09-29,2026-09-29,False,https://franklintempleton.wd5.myworkdayjobs.com/Primary-External-1/job/New-York-New-York-United-States-of-America/BSP-Asset-Management-Associate--Commercial-Real-Estate_869872
NY + Jersey City,Franklin Templeton,Quantitative Insurance Solutions Analyst (EG-NYC),"New York, New York, United States of America",phenom,2026-09-14,2026-09-19,False,https://franklintempleton.wd5.myworkdayjobs.com/Primary-External-1/job/New-York-New-York-United-States-of-America/Quantitative-Insurance-Solutions-Analyst--EG-NYC-_869636
NY + Jersey City,Goldman Sachs,"AWM, GS Ayco, Training and Development, Associate - Albany","Albany, NY, United States",goldman,,2026-09-23,False,https://higher.gs.com/roles/182624
NY + Jersey City,Goldman Sachs,"Asset & Wealth Management, Client Solutions Group, Management & Strategy, Analyst - New York","New York, NY, United States",goldman,,2026-09-29,False,https://higher.gs.com/roles/184674
NY + Jersey City,Goldman Sachs,"Asset & Wealth Management, Corporate Development, Associate - New York","New York, NY, United States",goldman,,2026-09-23,False,https://higher.gs.com/roles/176472
NY + Jersey City,Goldman Sachs,"Asset & Wealth Management, External Investing Group (XIG) Private Equity Investment Team (Petershill Strategies), Associate","New York, NY, United States",goldman,,2026-09-23,False,https://higher.gs.com/roles/171621
NY + Jersey City,Goldman Sachs,"Asset & Wealth Management, Hybrid Capital Investing, Associate - New York","New York, NY, United States",goldman,,2026-09-24,False,https://higher.gs.com/roles/185051
NY + Jersey City,Goldman Sachs,"Asset & Wealth Management, Multi Asset Solutions, Lead Portfolio Management Associate - New York","New York, NY, United States",goldman,,2026-09-29,False,https://higher.gs.com/roles/185405
NY + Jersey City,Goldman Sachs,"Asset & Wealth Management, Multi-Asset Solutions, Lead Portfolio Management, Analyst - New York","New York, NY, United States",goldman,,2026-09-29,False,https://higher.gs.com/roles/185404
NY + Jersey City,Goldman Sachs,"Asset & Wealth Management, Platform Management, Employee Funds & Carried Interest Analyst - New York","New York, NY, United States",goldman,,2026-09-30,False,https://higher.gs.com/roles/185610
NY + Jersey City,Goldman Sachs,"Asset & Wealth Management, Private Equity GTM Value Creation, Associate - New York","New York, NY, United States",goldman,,2026-09-25,False,https://higher.gs.com/roles/184190
NY + Jersey City,Goldman Sachs,"Asset & Wealth Management, Private Wealth Management, Business Development Professional, Associate, New York","New York, United States",goldman,,2026-09-23,False,https://higher.gs.com/roles/153551
NY + Jersey City,Goldman Sachs,"Asset & Wealth Management, Private Wealth Management, Financial Investment Professional, Associate - New York","New York, NY, United States",goldman,,2026-09-23,False,https://higher.gs.com/roles/180064
NY + Jersey City,Goldman Sachs,"Asset & Wealth Management, Private Wealth Management, Goldman Sachs Trust Company, Estate Associate - New York","New York, NY, United States",goldman,,2026-09-23,False,https://higher.gs.com/roles/178979
NY + Jersey City,Goldman Sachs,"Asset & Wealth Management, Private Wealth Management, Investments Marketing, Associate – New York","NY, United States",goldman,,2026-09-23,False,https://higher.gs.com/roles/165403
NY + Jersey City,Goldman Sachs,"Asset & Wealth Management, Private Wealth Management, Marketing and Client Engagement Team, Events Marketing, Associate - New York","New York, NY, United States",goldman,,2026-09-23,False,https://higher.gs.com/roles/178304
NY + Jersey City,Goldman Sachs,"Asset & Wealth Management, Public Investing, Performance Strategy, Associate - New York","New York, NY, United States",goldman,,2026-09-23,False,https://higher.gs.com/roles/175338
NY + Jersey City,Goldman Sachs,"Asset & Wealth Management, Quantitative Equity Solutions, Client Portfolio Manager, Associate","New York, NY, United States",goldman,,2026-09-24,False,https://higher.gs.com/roles/176910
NY + Jersey City,Goldman Sachs,"Asset & Wealth Management, Urban Investing Group, Real Estate Associate - New York","New York, NY, United States",goldman,,2026-09-23,False,https://higher.gs.com/roles/182472
NY + Jersey City,Goldman Sachs,"Asset & Wealth Management, Wealth Investment Solutions, ETF Portfolio Manager, Associate","New York, NY, United States",goldman,,2026-09-23,False,https://higher.gs.com/roles/183725
NY + Jersey City,Goldman Sachs,"Asset & Wealth Management, XIG, Primaries Private Equity, Associate - New York","New York, NY, United States",goldman,,2026-09-23,False,https://higher.gs.com/roles/170693
NY + Jersey City,Goldman Sachs,"Asset & Wealth Management, XIG, Public Strategies Client Portfolio Manager, Associate, New York","New York, NY, United States",goldman,,2026-09-23,False,https://higher.gs.com/roles/179861
NY + Jersey City,Goldman Sachs,"Compliance, GBM Public Compliance -Equities, Custody Solutions, Associate","New York, NY, United States",goldman,,2026-09-23,False,https://higher.gs.com/roles/181696
NY + Jersey City,Goldman Sachs,Compliance-GBM Public- Equities-New York-Analyst,"New York, NY, United States",goldman,,2026-09-23,False,https://higher.gs.com/roles/181803
NY + Jersey City,Goldman Sachs,Controllers | Analyst | New York / New Jersey,"NY, United States",goldman,,2026-09-23,False,https://higher.gs.com/roles/155254
NY + Jersey City,Goldman Sachs,"Controllers, Compensation Accounting, Associate, Jersey City","Jersey City, NJ, United States",goldman,,2026-09-23,False,https://higher.gs.com/roles/183697
NY + Jersey City,Goldman Sachs,"Controllers, Regulatory Financial Reporting, Associate, Jersey City","Jersey City, NJ, United States",goldman,,2026-09-23,False,https://higher.gs.com/roles/182224
NY + Jersey City,Goldman Sachs,Corporate Treasury Operations-Network Management–New York-Associate,"New York, NY, United States",goldman,,2026-09-23,False,https://higher.gs.com/roles/183413
NY + Jersey City,Goldman Sachs,"Corporate and Workplace Solutions, Event Management - Junior Business Coverage Manager, Associate","Jersey City, NJ, United States",goldman,,2026-09-23,False,https://higher.gs.com/roles/181133
NY + Jersey City,Goldman Sachs,"Executive Office, Divisional Management, Associate, New York","New York, NY, United States",goldman,,2026-09-24,False,https://higher.gs.com/roles/185082
NY + Jersey City,Goldman Sachs,"Executive Office, Global Marketing  Corporate Reputation Marketing, Associate, New York","New York, NY, United States",goldman,,2026-09-23,False,https://higher.gs.com/roles/176361
NY + Jersey City,Goldman Sachs,"Executive Office, Marketing Analytics and Effectiveness, Associate, New York","New York, NY, United States",goldman,,2026-09-23,False,https://higher.gs.com/roles/148033
NY + Jersey City,Goldman Sachs,"GBM - Investment Banking Associate, Industrials - New York","New York, NY, United States",goldman,,2026-09-23,False,https://higher.gs.com/roles/177184
NY + Jersey City,Goldman Sachs,"GBM - Investment Banking Associate, M&A Capital Markets - New York","New York, NY, United States",goldman,,2026-09-23,False,https://higher.gs.com/roles/178407
NY + Jersey City,Goldman Sachs,"GBM - Private - Investment Banking Associate, Activism & Shareholder Advisory - New York","New York, NY, United States",goldman,,2026-09-23,False,https://higher.gs.com/roles/178406
NY + Jersey City,Goldman Sachs,"GBM - Public, Securities, Prime Services Clearing Risk, Associate, New York","New York, NY, United States",goldman,,2026-09-23,False,https://higher.gs.com/roles/179010
NY + Jersey City,Goldman Sachs,"GBM - Securities, Prime Services Futures and Clearing Risk, Associate, New York","New York, NY, United States",goldman,,2026-09-23,False,https://higher.gs.com/roles/179085
NY + Jersey City,Goldman Sachs,"GBM, Investment Banking Associate, Secondaries/Sponsor M&A - New York","New York, NY, United States",goldman,,2026-09-23,False,https://higher.gs.com/roles/154469
NY + Jersey City,Goldman Sachs,"GBM, Private, Corporate Derivatives, Associate - New York","New York, NY, United States",goldman,,2026-09-23,False,https://higher.gs.com/roles/173940
NY + Jersey City,Goldman Sachs,"GBM, Public, ETF One Delta Strat - Quantitative Engineering (NYC) (Associate)","New York, NY, United States",goldman,,2026-09-23,False,https://higher.gs.com/roles/142652
NY + Jersey City,Goldman Sachs,Global Banking & Markets - Capital Solutions Group - IGCM Analyst - New York,"New York, NY, United States",goldman,,2026-10-01,False,https://higher.gs.com/roles/185848
NY + Jersey City,Goldman Sachs,Global Banking & Markets - IB Capital Solutions Group - Corporate Derivatives Analyst -  New  York,"New York, NY, United States",goldman,,2026-09-28,False,https://higher.gs.com/roles/185524
NY + Jersey City,Goldman Sachs,Global Banking & Markets - Physical Commodities Operations - New York - Associate,"New York, NY, United States",goldman,,2026-09-23,False,https://higher.gs.com/roles/175120
NY + Jersey City,Goldman Sachs,Global Banking & Markets - Public - Natural Gas Trading - Analyst – New York,"New York, NY, United States",goldman,,2026-09-30,False,https://higher.gs.com/roles/165423
NY + Jersey City,Goldman Sachs,"Global Banking & Markets Operations - Letters of Credit, Associate, Dallas/New York","New York, NY, United States",goldman,,2026-09-23,False,https://higher.gs.com/roles/174321
NY + Jersey City,Goldman Sachs,Global Banking & Markets Operations-Equities Client Integration-Associate-New York,"New York, NY, United States",goldman,,2026-09-23,False,https://higher.gs.com/roles/174928
NY + Jersey City,Goldman Sachs,"Global Banking & Markets – Capital Solutions Group - Private Equity Capital Call (PECC) Financing, Analyst - New York","New York, NY, United States",goldman,,2026-09-23,False,https://higher.gs.com/roles/184683
NY + Jersey City,Goldman Sachs,"Global Banking & Markets, RIA Custody, Managed Accounts & Alternative Assets Platform, Associate - New York","New York, NY, United States",goldman,,2026-09-23,False,https://higher.gs.com/roles/181887
NY + Jersey City,Goldman Sachs,"Global Banking & Markets, Supervisory Risk & Controls, New York, Associate","New York, NY, United States",goldman,,2026-09-23,False,https://higher.gs.com/roles/183030
NY + Jersey City,Goldman Sachs,"Global Banking & Markets, Supervisory Risk & Controls, New York-Analyst","New York, NY, United States",goldman,,2026-09-23,False,https://higher.gs.com/roles/183029
NY + Jersey City,Goldman Sachs,"Global Banking & Markets- New York - Associate, Banker - 10294475","New York, NY, United States",goldman,,2026-09-25,False,https://higher.gs.com/roles/185329
NY + Jersey City,Goldman Sachs,"Global Investment Research, Credit Research Analyst","New York, NY, United States",goldman,,2026-09-29,False,https://higher.gs.com/roles/169228
NY + Jersey City,Goldman Sachs,"Global Investment Research, US Economics Research Associate","New York, NY, United States",goldman,,2026-09-23,False,https://higher.gs.com/roles/180084
NY + Jersey City,Goldman Sachs,Goldman Sachs Asset & Wealth Management - Portfolio Strategy - Associate – New York,"New York, NY, United States",goldman,,2026-09-24,False,https://higher.gs.com/roles/185327
NY + Jersey City,Goldman Sachs,"Human Capital Management, Talent Management, Associate, New York City","New York, NY, United States",goldman,,2026-09-23,False,https://higher.gs.com/roles/183379
NY + Jersey City,Goldman Sachs,"Quantitative Developer, Global Banking & Markets, Systematic Market Marking (Associate)","New York, NY, United States",goldman,,2026-09-25,False,https://higher.gs.com/roles/178378
NY + Jersey City,Goldman Sachs,"Quantitative Strategist, Global Banking & Markets, Client Analytics (Associate)","New York, NY, United States",goldman,,2026-09-27,False,https://higher.gs.com/roles/185319
NY + Jersey City,Goldman Sachs,"Quantitative Strategist, Global Banking & Markets, Equities Structured Products (Associate)","New York, NY, United States",goldman,,2026-09-23,False,https://higher.gs.com/roles/167404
NY + Jersey City,Goldman Sachs,"Quantitative Strategist, Global Banking & Markets, Global Currency and Emerging Markets (GCEM) (Associate)","New York, NY, United States",goldman,,2026-09-23,False,https://higher.gs.com/roles/156138
NY + Jersey City,Goldman Sachs,"Risk, Credit Risk (Hedge Fund), Associate, New York","New York, NY, United States",goldman,,2026-09-29,False,https://higher.gs.com/roles/185234
NY + Jersey City,Goldman Sachs,"Software Engineer, Global Banking & Markets, Electronic Trading (Associate)","New York, NY, United States",goldman,,2026-09-23,False,https://higher.gs.com/roles/180700
NY + Jersey City,Goldman Sachs,"Software Engineer, Global Banking & Markets, Front Office Technology (Associate)","New York, NY, United States",goldman,,2026-09-23,False,https://higher.gs.com/roles/177645
NY + Jersey City,Goldman Sachs,"The Core Engineering, FTP Strats, Associate, Quantitative Engineering","New York, NY, United States",goldman,,2026-09-23,False,https://higher.gs.com/roles/184492
NY + Jersey City,Goldman Sachs,"The Core Engineering-Corporate Treasury, New York, Associate, Software Engineering","New York, NY, United States",goldman,,2026-09-23,False,https://higher.gs.com/roles/178036
NY + Jersey City,Goldman Sachs,"Transaction Banking, Global Payments Product Manager, Associate","New York, NY, United States",goldman,,2026-09-23,False,https://higher.gs.com/roles/176617
NY + Jersey City,Goldman Sachs,"Transaction Banking, Leadership and Strategy, Associate","New York, NY, United States",goldman,,2026-09-23,False,https://higher.gs.com/roles/182060
NY + Jersey City,Goldman Sachs,"Transaction Banking, Product Marketing, Associate","New York, NY, United States",goldman,,2026-09-23,False,https://higher.gs.com/roles/159719
NY + Jersey City,HSBC,"Associate - Consumer, Retail Sector Coverage","New York, New York, United States",eightfold,2026-09-14,2026-09-24,False,https://portal.careers.hsbc.com/careers/job/563774612255719
NY + Jersey City,HSBC,"Associate, Asset Backed Lending","New York, New York, United States",eightfold,2026-09-29,2026-10-01,False,https://portal.careers.hsbc.com/careers/job/563774612376450
NY + Jersey City,HSBC,"Associate, Institutional Portfolio Group (IPG)","New York, New York, United States",eightfold,2026-09-08,2026-09-24,False,https://portal.careers.hsbc.com/careers/job/563774612229798
NY + Jersey City,HSBC,"Associate, Securities Lending Trader","New York, New York, United States",eightfold,2026-09-11,2026-09-26,False,https://portal.careers.hsbc.com/careers/job/563774612276577
NY + Jersey City,HSBC,Prime Transition Management - Associate,"New York, New York, United States",eightfold,2026-09-29,2026-09-30,False,https://portal.careers.hsbc.com/careers/job/563774612377416
NY + Jersey City,Houlihan Lokey,Analyst - Corporate Valuation Advisory Services - NY,"New York, NY, USA",workday,2026-09-29,2026-09-30,False,https://hl.wd1.myworkdayjobs.com/Lateral/job/New-York-NY-USA/Analyst---Corporate-Valuation-Advisory-Services---NY_R3625
NY + Jersey City,Houlihan Lokey,Investment Banking Analyst | Business Services,"New York, NY, USA",workday,2026-10-02,2026-09-15,False,https://hl.wd1.myworkdayjobs.com/Lateral/job/New-York-NY-USA/Investment-Banking-Analyst---Business-Services_R3578
NY + Jersey City,Houlihan Lokey,Investment Banking Associate | Business Services,"New York, NY, USA",workday,2026-10-02,2026-09-15,False,https://hl.wd1.myworkdayjobs.com/Lateral/job/New-York-NY-USA/Investment-Banking-Associate---Business-Services_R3444
NY + Jersey City,Houlihan Lokey,Investment Banking Associate | FinTech,"New York, NY, USA",workday,2026-10-02,2026-09-16,False,https://hl.wd1.myworkdayjobs.com/Lateral/job/New-York-NY-USA/Investment-Banking-Senior-Analyst---FinTech_R3588-1
NY + Jersey City,Houlihan Lokey,Investment Banking Associate | Technology,"New York, NY, USA",workday,2026-10-02,2026-09-16,False,https://hl.wd1.myworkdayjobs.com/Lateral/job/New-York-NY-USA/Investment-Banking-Associate---Technology_R3597
NY + Jersey City,ING,"Associate, Debt Capital Market - High Yield","New York, United States",ing,,2026-09-17,False,https://careers.ing.com/en/job/new-york/associate-debt-capital-market-high-yield/3121/43567202624
NY + Jersey City,ING,"Associate, Debt Capital Markets - Investment Grade","New York, United States",ing,,2026-09-17,False,https://careers.ing.com/en/job/new-york/associate-debt-capital-markets-investment-grade/3121/43567202560
NY + Jersey City,ING,"Associate, Financial Reporting","New York, United States",ing,,2026-09-17,False,https://careers.ing.com/en/job/new-york/associate-financial-reporting/3121/41623233984
NY + Jersey City,ING,"Associate, IT Governance Specialist","New York, United States",ing,,2026-09-17,False,https://careers.ing.com/en/job/new-york/associate-it-governance-specialist/3121/44743544576
NY + Jersey City,ING,"Associate, Loan Administration","New York, United States",ing,,2026-09-17,False,https://careers.ing.com/en/job/new-york/associate-loan-administration/3121/43903176640
NY + Jersey City,ING,"Associate, Operations Engineer","New York, United States",ing,,2026-09-24,False,https://careers.ing.com/en/job/new-york/associate-operations-engineer/3121/45108866880
NY + Jersey City,ING,"Associate, Portfolio Management - Corporate Finance","New York, United States",ing,,2026-09-17,False,https://careers.ing.com/en/job/new-york/associate-portfolio-management-corporate-finance/3121/34116365568
NY + Jersey City,ING,"Associate, Procurement Travel","New York, United States",ing,,2026-09-17,False,https://careers.ing.com/en/job/new-york/associate-procurement-travel/3121/41735925760
NY + Jersey City,ING,"Associate, Sector-Based and Specialized Lending - TMT/Digital Infrastructure","New York, United States",ing,,2026-09-17,False,https://careers.ing.com/en/job/new-york/associate-sector-based-and-specialized-lending-tmt-digital-infrastructure/3121/38942881664
NY + Jersey City,ING,"Associate, Transaction Services Sales","New York, United States",ing,,2026-09-17,False,https://careers.ing.com/en/job/new-york/associate-transaction-services-sales/3121/43567202688
NY + Jersey City,Invesco,"Analyst, RFP","New York, New York",workday,2026-09-21,2026-09-15,False,https://invesco.wd1.myworkdayjobs.com/IVZ/job/New-York-New-York/Analyst--RFP_R-14576
NY + Jersey City,Invesco,"Associate Product Manager, Equities","New York, New York",workday,2026-09-22,2026-09-22,False,https://invesco.wd1.myworkdayjobs.com/IVZ/job/New-York-New-York/Assoc-Product-Mgr-EM-Equities_R-15536
NY + Jersey City,JPMorgan Chase,2027 Marketing Leadership Development Program - Full-Time Analyst Opportunity,"New York, NY, United States",oracle,2026-09-14,2026-09-19,False,https://jpmc.fa.oraclecloud.com/hcmUI/CandidateExperience/en/sites/CX_1001/job/210765640
NY + Jersey City,JPMorgan Chase,Agency Securities Finance - Relationship Manager - Associate,"New York, NY, United States",oracle,2026-09-11,2026-09-19,False,https://jpmc.fa.oraclecloud.com/hcmUI/CandidateExperience/en/sites/CX_1001/job/210789544
NY + Jersey City,JPMorgan Chase,"Analytics Solutions, Associate","New York, NY, United States",oracle,2026-10-02,2026-10-03,False,https://jpmc.fa.oraclecloud.com/hcmUI/CandidateExperience/en/sites/CX_1001/job/210785428
NY + Jersey City,JPMorgan Chase,Announcement Capture Associate I – Securities Services,"Jersey City, NJ, United States",oracle,2026-09-18,2026-09-19,False,https://jpmc.fa.oraclecloud.com/hcmUI/CandidateExperience/en/sites/CX_1001/job/210791516
NY + Jersey City,JPMorgan Chase,"Annuity Specialist, Analyst","Jersey City, NJ, United States",oracle,2026-09-17,2026-09-19,False,https://jpmc.fa.oraclecloud.com/hcmUI/CandidateExperience/en/sites/CX_1001/job/210791915
NY + Jersey City,JPMorgan Chase,Asset Management - Alternatives Investment Risk Associate,"New York, NY, United States",oracle,2026-09-17,2026-09-19,False,https://jpmc.fa.oraclecloud.com/hcmUI/CandidateExperience/en/sites/CX_1001/job/210790110
NY + Jersey City,JPMorgan Chase,Asset Management - Client Service - Institutional Contract Specialist - Associate,"New York, NY, United States",oracle,2026-09-11,2026-09-19,False,https://jpmc.fa.oraclecloud.com/hcmUI/CandidateExperience/en/sites/CX_1001/job/210771293
NY + Jersey City,JPMorgan Chase,Asset Management - Infrastructure Investment Specialist  - Associate,"New York, NY, United States",oracle,2026-09-11,2026-09-19,False,https://jpmc.fa.oraclecloud.com/hcmUI/CandidateExperience/en/sites/CX_1001/job/210790308
NY + Jersey City,JPMorgan Chase,Asset Management - Investment Grade Trader - Associate,"New York, NY, United States",oracle,2026-09-24,2026-09-25,False,https://jpmc.fa.oraclecloud.com/hcmUI/CandidateExperience/en/sites/CX_1001/job/210794633
NY + Jersey City,JPMorgan Chase,Asset Management - JP Morgan Natural Capital - Investment Specialist/Investor Relations Associate,"New York, NY, United States",oracle,2026-09-21,2026-09-22,False,https://jpmc.fa.oraclecloud.com/hcmUI/CandidateExperience/en/sites/CX_1001/job/210793132
NY + Jersey City,JPMorgan Chase,Asset and Wealth Management - Real Assets Private Markets Investments Associate,"New York, NY, United States",oracle,2026-09-21,2026-09-19,False,https://jpmc.fa.oraclecloud.com/hcmUI/CandidateExperience/en/sites/CX_1001/job/210790159
NY + Jersey City,JPMorgan Chase,Associate Banker- Multinational Corporations- Associate,"New York, NY, United States",oracle,2026-09-22,2026-09-22,False,https://jpmc.fa.oraclecloud.com/hcmUI/CandidateExperience/en/sites/CX_1001/job/210773364
NY + Jersey City,JPMorgan Chase,"Associate Banker-Healthcare, Higher Education and Not for Profit- Associate","New York, NY, United States",oracle,2026-09-23,2026-09-23,False,https://jpmc.fa.oraclecloud.com/hcmUI/CandidateExperience/en/sites/CX_1001/job/210793711
NY + Jersey City,JPMorgan Chase,"Associate Relationship Banker - Amherst and Bridgeman - Amherst, NY","Buffalo, NY, United States",oracle,2026-09-29,2026-09-30,False,https://jpmc.fa.oraclecloud.com/hcmUI/CandidateExperience/en/sites/CX_1001/job/210795814
NY + Jersey City,JPMorgan Chase,"Associate Relationship Banker - Crossroads Centre - Orchard Park, NY","Orchard Park, NY, United States",oracle,2026-09-23,2026-09-23,False,https://jpmc.fa.oraclecloud.com/hcmUI/CandidateExperience/en/sites/CX_1001/job/210793265
NY + Jersey City,JPMorgan Chase,"Associate Relationship Banker - Sheridan and Alberta - Buffalo, NY","Buffalo, NY, United States",oracle,2026-09-23,2026-09-23,False,https://jpmc.fa.oraclecloud.com/hcmUI/CandidateExperience/en/sites/CX_1001/job/210793272
NY + Jersey City,JPMorgan Chase,"Associate Relationship Banker - Staten Island Market - Staten Island, NY","Staten Island, NY, United States",oracle,2026-09-08,2026-09-19,False,https://jpmc.fa.oraclecloud.com/hcmUI/CandidateExperience/en/sites/CX_1001/job/210788504
NY + Jersey City,JPMorgan Chase,"Associate – Corporate Development, Strategic Investments","New York, NY, United States",oracle,2026-09-29,2026-09-30,False,https://jpmc.fa.oraclecloud.com/hcmUI/CandidateExperience/en/sites/CX_1001/job/210768848
NY + Jersey City,JPMorgan Chase,CIO Global Market Research Analyst/Associate,"New York, NY, United States",oracle,2026-09-22,2026-09-23,False,https://jpmc.fa.oraclecloud.com/hcmUI/CandidateExperience/en/sites/CX_1001/job/210791434
NY + Jersey City,JPMorgan Chase,"Capital Stress Testing Program Manager, Associate","NY, United States",oracle,2026-09-18,2026-09-19,False,https://jpmc.fa.oraclecloud.com/hcmUI/CandidateExperience/en/sites/CX_1001/job/210788103
NY + Jersey City,JPMorgan Chase,Compensation Associate - Global Investment Bank,"Jersey City, NJ, United States",oracle,2026-09-14,2026-09-19,False,https://jpmc.fa.oraclecloud.com/hcmUI/CandidateExperience/en/sites/CX_1001/job/210788461
NY + Jersey City,JPMorgan Chase,"Consumer & Community Bank - Strategy, Associate","New York, NY, United States",oracle,2026-10-01,2026-10-01,False,https://jpmc.fa.oraclecloud.com/hcmUI/CandidateExperience/en/sites/CX_1001/job/210796533
NY + Jersey City,JPMorgan Chase,"Consumer & Community Bank Digital Assets and Blockchain Solutions, Strategy & Partnerships Associate","New York, NY, United States",oracle,2026-09-15,2026-09-19,False,https://jpmc.fa.oraclecloud.com/hcmUI/CandidateExperience/en/sites/CX_1001/job/210790897
NY + Jersey City,JPMorgan Chase,Corporate Finance – SEC Reporting Analyst,"Brooklyn, NY, United States",oracle,2026-09-15,2026-09-19,False,https://jpmc.fa.oraclecloud.com/hcmUI/CandidateExperience/en/sites/CX_1001/job/210760876
NY + Jersey City,JPMorgan Chase,"Corporate Investor Relations, Associate","New York, NY, United States",oracle,2026-09-16,2026-09-19,False,https://jpmc.fa.oraclecloud.com/hcmUI/CandidateExperience/en/sites/CX_1001/job/210790779
NY + Jersey City,JPMorgan Chase,Corporate Strategy Associate,"New York, NY, United States",oracle,2026-09-28,2026-09-29,False,https://jpmc.fa.oraclecloud.com/hcmUI/CandidateExperience/en/sites/CX_1001/job/210795147
NY + Jersey City,JPMorgan Chase,Corporate Structuring – Associate,"New York, NY, United States",oracle,2026-09-25,2026-09-26,False,https://jpmc.fa.oraclecloud.com/hcmUI/CandidateExperience/en/sites/CX_1001/job/210795007
NY + Jersey City,JPMorgan Chase,Counterparty Credit Risk - Associate - Stress Testing - NY,"New York, NY, United States",oracle,2026-09-25,2026-09-19,False,https://jpmc.fa.oraclecloud.com/hcmUI/CandidateExperience/en/sites/CX_1001/job/210780567
NY + Jersey City,JPMorgan Chase,Counterparty Credit Risk - Collateral and Margin Associate,"NY, United States",oracle,2026-09-30,2026-09-28,False,https://jpmc.fa.oraclecloud.com/hcmUI/CandidateExperience/en/sites/CX_1001/job/210792445
NY + Jersey City,JPMorgan Chase,Credit Portfolio Group – Quantitative Research - Associate,"New York, NY, United States",oracle,2026-09-23,2026-09-23,False,https://jpmc.fa.oraclecloud.com/hcmUI/CandidateExperience/en/sites/CX_1001/job/210737447
NY + Jersey City,JPMorgan Chase,Credit Trading - Product Specialist - Associate,"New York, NY, United States",oracle,2026-09-21,2026-09-22,False,https://jpmc.fa.oraclecloud.com/hcmUI/CandidateExperience/en/sites/CX_1001/job/210787778
NY + Jersey City,JPMorgan Chase,Credit Trading – Private Credit – Analyst,"New York, NY, United States",oracle,2026-09-23,2026-09-24,False,https://jpmc.fa.oraclecloud.com/hcmUI/CandidateExperience/en/sites/CX_1001/job/210793803
NY + Jersey City,JPMorgan Chase,Customer Success Associate I,"Brooklyn, NY, United States",oracle,2026-10-05,2026-10-05,True,https://jpmc.fa.oraclecloud.com/hcmUI/CandidateExperience/en/sites/CX_1001/job/210796247
NY + Jersey City,JPMorgan Chase,Equities Electronic Trading – J.P. Morgan NYSE Floor Broker – Associate,"New York, NY, United States",oracle,2026-09-16,2026-09-19,False,https://jpmc.fa.oraclecloud.com/hcmUI/CandidateExperience/en/sites/CX_1001/job/210791709
NY + Jersey City,JPMorgan Chase,Equities Product Controller - Associate - Commercial & Investment Bank,"Brooklyn, NY, United States",oracle,2026-09-26,2026-09-19,False,https://jpmc.fa.oraclecloud.com/hcmUI/CandidateExperience/en/sites/CX_1001/job/210772200
NY + Jersey City,JPMorgan Chase,Equity Capital Markets - Syndicate - Analyst,"New York, NY, United States",oracle,2026-09-09,2026-09-19,False,https://jpmc.fa.oraclecloud.com/hcmUI/CandidateExperience/en/sites/CX_1001/job/210788993
NY + Jersey City,JPMorgan Chase,Events Management Associate,"New York, NY, United States",oracle,2026-09-28,2026-09-25,False,https://jpmc.fa.oraclecloud.com/hcmUI/CandidateExperience/en/sites/CX_1001/job/210789115
NY + Jersey City,JPMorgan Chase,Executive Ambassador Program Operations Associate,"Brooklyn, NY, United States",oracle,2026-09-24,2026-09-23,False,https://jpmc.fa.oraclecloud.com/hcmUI/CandidateExperience/en/sites/CX_1001/job/210792672
NY + Jersey City,JPMorgan Chase,External Reporting Controller- Associate,"Brooklyn, NY, United States",oracle,2026-09-09,2026-09-19,False,https://jpmc.fa.oraclecloud.com/hcmUI/CandidateExperience/en/sites/CX_1001/job/210789027
NY + Jersey City,JPMorgan Chase,Finance & Business Management - Associate,"New York, NY, United States",oracle,2026-09-22,2026-09-23,False,https://jpmc.fa.oraclecloud.com/hcmUI/CandidateExperience/en/sites/CX_1001/job/210792736
NY + Jersey City,JPMorgan Chase,Finance & Business Management Associate,"Jersey City, NJ, United States",oracle,2026-09-24,2026-09-23,False,https://jpmc.fa.oraclecloud.com/hcmUI/CandidateExperience/en/sites/CX_1001/job/210791932
NY + Jersey City,JPMorgan Chase,Finance & Business Management-Associate,"Jersey City, NJ, United States",oracle,2026-09-21,2026-09-22,False,https://jpmc.fa.oraclecloud.com/hcmUI/CandidateExperience/en/sites/CX_1001/job/210780862
NY + Jersey City,JPMorgan Chase,Finance & T/CIO Chief Data Office - Data Science Associate,"NY, United States",oracle,2026-10-05,2026-10-05,True,https://jpmc.fa.oraclecloud.com/hcmUI/CandidateExperience/en/sites/CX_1001/job/210796788
NY + Jersey City,JPMorgan Chase,Global Clearing Product Control - Associate,"Brooklyn, NY, United States",oracle,2026-09-23,2026-09-24,False,https://jpmc.fa.oraclecloud.com/hcmUI/CandidateExperience/en/sites/CX_1001/job/210764316
NY + Jersey City,JPMorgan Chase,Global Credit Financing - Associate,"New York, NY, United States",oracle,2026-09-24,2026-09-24,False,https://jpmc.fa.oraclecloud.com/hcmUI/CandidateExperience/en/sites/CX_1001/job/210794282
NY + Jersey City,JPMorgan Chase,Global Private BankTechnology Finance & Business Management- Associate,"Jersey City, NJ, United States",oracle,2026-09-22,2026-09-19,False,https://jpmc.fa.oraclecloud.com/hcmUI/CandidateExperience/en/sites/CX_1001/job/210782674
NY + Jersey City,JPMorgan Chase,HR/EX CDAO Data Risk & Governance Associate,"New York, NY, United States",oracle,2026-10-01,2026-09-29,False,https://jpmc.fa.oraclecloud.com/hcmUI/CandidateExperience/en/sites/CX_1001/job/210795527
NY + Jersey City,JPMorgan Chase,"Hiring Event Associate Banker - Staten Island Market - Staten Island, NY","Staten Island, NY, United States",oracle,2026-09-08,2026-09-19,False,https://jpmc.fa.oraclecloud.com/hcmUI/CandidateExperience/en/sites/CX_1001/job/210788498
NY + Jersey City,JPMorgan Chase,Institutional Sales - Americas and Marketing - Associate,"New York, NY, United States",oracle,2026-09-22,2026-09-23,False,https://jpmc.fa.oraclecloud.com/hcmUI/CandidateExperience/en/sites/CX_1001/job/210745411
NY + Jersey City,JPMorgan Chase,Investment Banking - Business Services - Associate,"New York, NY, United States",oracle,2026-10-01,2026-10-01,False,https://jpmc.fa.oraclecloud.com/hcmUI/CandidateExperience/en/sites/CX_1001/job/210679590
NY + Jersey City,JPMorgan Chase,Investment Banking - Equity Capital Markets - Analyst,"New York, NY, United States",oracle,2026-09-15,2026-09-19,False,https://jpmc.fa.oraclecloud.com/hcmUI/CandidateExperience/en/sites/CX_1001/job/210661267
NY + Jersey City,JPMorgan Chase,Investment Banking - Equity Capital Markets - Associate,"New York, NY, United States",oracle,2026-09-29,2026-09-30,False,https://jpmc.fa.oraclecloud.com/hcmUI/CandidateExperience/en/sites/CX_1001/job/210796139
NY + Jersey City,JPMorgan Chase,Investment Banking - Liability Management – Analyst,"New York, NY, United States",oracle,2026-09-25,2026-09-26,False,https://jpmc.fa.oraclecloud.com/hcmUI/CandidateExperience/en/sites/CX_1001/job/210795092
NY + Jersey City,JPMorgan Chase,"Investment Banking - Private Capital Advisory, GP-Led Secondaries - Associate","New York, NY, United States",oracle,2026-09-21,2026-09-22,False,https://jpmc.fa.oraclecloud.com/hcmUI/CandidateExperience/en/sites/CX_1001/job/210793170
NY + Jersey City,JPMorgan Chase,Investment Banking Business Management - Associate,"New York, NY, United States",oracle,2026-10-01,2026-09-30,False,https://jpmc.fa.oraclecloud.com/hcmUI/CandidateExperience/en/sites/CX_1001/job/210786603
NY + Jersey City,JPMorgan Chase,Investment Banking Business Management - Associate,"New York, NY, United States",oracle,2026-09-23,2026-09-23,False,https://jpmc.fa.oraclecloud.com/hcmUI/CandidateExperience/en/sites/CX_1001/job/210776392
NY + Jersey City,JPMorgan Chase,Investment Banking – Corporate Advisory – Analyst,"New York, NY, United States",oracle,2026-09-21,2026-09-22,False,https://jpmc.fa.oraclecloud.com/hcmUI/CandidateExperience/en/sites/CX_1001/job/210793104
NY + Jersey City,JPMorgan Chase,"Investment Banking – Financial Institutions Group – FinTech, Wealth, & Asset Management – Analyst","New York, NY, United States",oracle,2026-09-28,2026-09-29,False,https://jpmc.fa.oraclecloud.com/hcmUI/CandidateExperience/en/sites/CX_1001/job/210773925
NY + Jersey City,JPMorgan Chase,Investment Banking – Private Capital Advisory – Associate,"New York, NY, United States",oracle,2026-09-08,2026-09-19,False,https://jpmc.fa.oraclecloud.com/hcmUI/CandidateExperience/en/sites/CX_1001/job/210764502
NY + Jersey City,JPMorgan Chase,J. P. Morgan Wealth Management - Suitability Product Team Associate,"Jersey City, NJ, United States",oracle,2026-09-25,2026-09-26,False,https://jpmc.fa.oraclecloud.com/hcmUI/CandidateExperience/en/sites/CX_1001/job/210774999
NY + Jersey City,JPMorgan Chase,"J.P. Morgan Wealth Management - Private Client Investment Associate - Huntington, NY","Huntington, NY, United States",oracle,2026-09-17,2026-09-19,False,https://jpmc.fa.oraclecloud.com/hcmUI/CandidateExperience/en/sites/CX_1001/job/210792072
NY + Jersey City,JPMorgan Chase,"J.P. Morgan Wealth Management - Private Client Investment Associate - South Richmond Hills, NY","South Richmond Hill, NY, United States",oracle,2026-09-17,2026-09-19,False,https://jpmc.fa.oraclecloud.com/hcmUI/CandidateExperience/en/sites/CX_1001/job/210791232
NY + Jersey City,JPMorgan Chase,"J.P. Morgan Wealth Management - Private Client Investment Associate Team Leader- New York, NY","New York, NY, United States",oracle,2026-10-01,2026-10-01,False,https://jpmc.fa.oraclecloud.com/hcmUI/CandidateExperience/en/sites/CX_1001/job/210796701
NY + Jersey City,JPMorgan Chase,Lead Solutions Analyst - Cloud Business Operations,"Jersey City, NJ, United States",oracle,2026-09-15,2026-09-19,False,https://jpmc.fa.oraclecloud.com/hcmUI/CandidateExperience/en/sites/CX_1001/job/210784702
NY + Jersey City,JPMorgan Chase,Macro Credit Trading Desk – Analyst,"New York, NY, United States",oracle,2026-09-25,2026-09-26,False,https://jpmc.fa.oraclecloud.com/hcmUI/CandidateExperience/en/sites/CX_1001/job/210794561
NY + Jersey City,JPMorgan Chase,Model Risk Governance and Review Associate for Corporate Aligned - Model Risk Program Associate,"Jersey City, NJ, United States",oracle,2026-10-05,2026-10-05,True,https://jpmc.fa.oraclecloud.com/hcmUI/CandidateExperience/en/sites/CX_1001/job/210790113
NY + Jersey City,JPMorgan Chase,NA EDG Structuring - Analyst,"New York, NY, United States",oracle,2026-09-29,2026-09-30,False,https://jpmc.fa.oraclecloud.com/hcmUI/CandidateExperience/en/sites/CX_1001/job/210796127
NY + Jersey City,JPMorgan Chase,PricingDirect Evaluator - Municipal Bond - Analyst,"New York, NY, United States",oracle,2026-09-21,2026-09-22,False,https://jpmc.fa.oraclecloud.com/hcmUI/CandidateExperience/en/sites/CX_1001/job/210792604
NY + Jersey City,JPMorgan Chase,Prime Brokerage Client Service - Associate II,"Jersey City, NJ, United States",oracle,2026-09-25,2026-09-19,False,https://jpmc.fa.oraclecloud.com/hcmUI/CandidateExperience/en/sites/CX_1001/job/210786938
NY + Jersey City,JPMorgan Chase,Prime Brokerage Client Service Manager - Associate  II,"Jersey City, NJ, United States",oracle,2026-09-25,2026-09-19,False,https://jpmc.fa.oraclecloud.com/hcmUI/CandidateExperience/en/sites/CX_1001/job/210786940
NY + Jersey City,JPMorgan Chase,Prime Finance – ETF/General Collateral SBL Trader – Associate,"New York, NY, United States",oracle,2026-10-05,2026-10-05,True,https://jpmc.fa.oraclecloud.com/hcmUI/CandidateExperience/en/sites/CX_1001/job/210773467
NY + Jersey City,JPMorgan Chase,Product Controller - Payments External Reporting - Associate,"Brooklyn, NY, United States",oracle,2026-09-05,2026-09-19,False,https://jpmc.fa.oraclecloud.com/hcmUI/CandidateExperience/en/sites/CX_1001/job/210785621
NY + Jersey City,JPMorgan Chase,Quantitative Trading & Research - AI Scientist - Associate,"New York, NY, United States",oracle,2026-09-08,2026-09-19,False,https://jpmc.fa.oraclecloud.com/hcmUI/CandidateExperience/en/sites/CX_1001/job/210788998
NY + Jersey City,JPMorgan Chase,Quantitative Trading & Research - Market Microstructure & High-Frequency - Associate,"New York, NY, United States",oracle,2026-09-08,2026-09-19,False,https://jpmc.fa.oraclecloud.com/hcmUI/CandidateExperience/en/sites/CX_1001/job/210789012
NY + Jersey City,JPMorgan Chase,Quantitative Trading & Research - Quantitative Developer Systematic Trading - Associate,"New York, NY, United States",oracle,2026-09-08,2026-09-19,False,https://jpmc.fa.oraclecloud.com/hcmUI/CandidateExperience/en/sites/CX_1001/job/210788975
NY + Jersey City,JPMorgan Chase,Quantitative Trading & Research - RMBS Underwriting - Analyst,"New York, NY, United States",oracle,2026-10-05,2026-10-02,False,https://jpmc.fa.oraclecloud.com/hcmUI/CandidateExperience/en/sites/CX_1001/job/210756146
NY + Jersey City,JPMorgan Chase,Quantitative Trading & Research - Residential Finance - Associate,"New York, NY, United States",oracle,2026-10-05,2026-10-05,True,https://jpmc.fa.oraclecloud.com/hcmUI/CandidateExperience/en/sites/CX_1001/job/210769245
NY + Jersey City,JPMorgan Chase,Quantitative Trading & Research - e-Markets - Associate,"New York, NY, United States",oracle,2026-09-23,2026-09-23,False,https://jpmc.fa.oraclecloud.com/hcmUI/CandidateExperience/en/sites/CX_1001/job/210793595
NY + Jersey City,JPMorgan Chase,Risk Management - Risk Associate,"Jersey City, NJ, United States",oracle,2026-09-10,2026-09-19,False,https://jpmc.fa.oraclecloud.com/hcmUI/CandidateExperience/en/sites/CX_1001/job/210785433
NY + Jersey City,JPMorgan Chase,Risk Management - Trade & Working Capital Credit Risk Associate,"New York, NY, United States",oracle,2026-09-25,2026-09-19,False,https://jpmc.fa.oraclecloud.com/hcmUI/CandidateExperience/en/sites/CX_1001/job/210783141
NY + Jersey City,JPMorgan Chase,Securities Services - Lending & Structured Financing Trader - Associate,"New York, NY, United States",oracle,2026-09-09,2026-09-19,False,https://jpmc.fa.oraclecloud.com/hcmUI/CandidateExperience/en/sites/CX_1001/job/210787811
NY + Jersey City,JPMorgan Chase,Securities Services – Announcement Capture Analyst,"Jersey City, NJ, United States",oracle,2026-09-29,2026-09-19,False,https://jpmc.fa.oraclecloud.com/hcmUI/CandidateExperience/en/sites/CX_1001/job/210790587
NY + Jersey City,JPMorgan Chase,Securitized Products Group - CMBS Capital Markets – Analyst,"New York, NY, United States",oracle,2026-09-30,2026-10-01,False,https://jpmc.fa.oraclecloud.com/hcmUI/CandidateExperience/en/sites/CX_1001/job/210796500
NY + Jersey City,JPMorgan Chase,Software Engineer Associate III - Databricks,"New York, NY, United States",oracle,2026-09-25,2026-09-26,False,https://jpmc.fa.oraclecloud.com/hcmUI/CandidateExperience/en/sites/CX_1001/job/210767184
NY + Jersey City,JPMorgan Chase,Strategic Financing Solutions – Analyst,"New York, NY, United States",oracle,2026-09-15,2026-09-19,False,https://jpmc.fa.oraclecloud.com/hcmUI/CandidateExperience/en/sites/CX_1001/job/210787244
NY + Jersey City,JPMorgan Chase,Strategic Financing Solutions – Associate,"New York, NY, United States",oracle,2026-09-11,2026-09-19,False,https://jpmc.fa.oraclecloud.com/hcmUI/CandidateExperience/en/sites/CX_1001/job/210787233
NY + Jersey City,JPMorgan Chase,Subsidiary Payments Sales Associate,"Jersey City, NJ, United States",oracle,2026-09-22,2026-09-23,False,https://jpmc.fa.oraclecloud.com/hcmUI/CandidateExperience/en/sites/CX_1001/job/210793158
NY + Jersey City,JPMorgan Chase,Systematic Derivatives - Associate,"New York, NY, United States",oracle,2026-09-15,2026-09-19,False,https://jpmc.fa.oraclecloud.com/hcmUI/CandidateExperience/en/sites/CX_1001/job/210758299
NY + Jersey City,JPMorgan Chase,Trade Support - Associate II,"New York, NY, United States",oracle,2026-10-05,2026-10-05,True,https://jpmc.fa.oraclecloud.com/hcmUI/CandidateExperience/en/sites/CX_1001/job/210768006
NY + Jersey City,JPMorgan Chase,Trade Support Associate I,"New York, NY, United States",oracle,2026-10-02,2026-09-26,False,https://jpmc.fa.oraclecloud.com/hcmUI/CandidateExperience/en/sites/CX_1001/job/210779845
NY + Jersey City,JPMorgan Chase,Trade Support Associate II,"New York, NY, United States",oracle,2026-09-24,2026-09-19,False,https://jpmc.fa.oraclecloud.com/hcmUI/CandidateExperience/en/sites/CX_1001/job/210790926
NY + Jersey City,JPMorgan Chase,U.S. Private Bank - Program Analyst,"New York, NY, United States",oracle,2026-10-05,2026-10-05,True,https://jpmc.fa.oraclecloud.com/hcmUI/CandidateExperience/en/sites/CX_1001/job/210785269
NY + Jersey City,JPMorgan Chase,U.S. Private Bank – Lending Professional – Analyst,"New York, NY, United States",oracle,2026-09-16,2026-09-19,False,https://jpmc.fa.oraclecloud.com/hcmUI/CandidateExperience/en/sites/CX_1001/job/210791039
NY + Jersey City,JPMorgan Chase,US Equity Research - Life Science Tools & Diagnostics - Analyst,"NY, United States",oracle,2026-09-21,2026-09-22,False,https://jpmc.fa.oraclecloud.com/hcmUI/CandidateExperience/en/sites/CX_1001/job/210793027
NY + Jersey City,JPMorgan Chase,US Equity Research - Metals & Mining - Associate,"NY, United States",oracle,2026-09-10,2026-09-19,False,https://jpmc.fa.oraclecloud.com/hcmUI/CandidateExperience/en/sites/CX_1001/job/210790087
NY + Jersey City,JPMorgan Chase,US Equity Research - SMid Biotech - Associate,"NY, United States",oracle,2026-09-15,2026-09-19,False,https://jpmc.fa.oraclecloud.com/hcmUI/CandidateExperience/en/sites/CX_1001/job/210790993
NY + Jersey City,JPMorgan Chase,US Equity Research - SMid Biotech - Associate,"NY, United States",oracle,2026-09-15,2026-09-19,False,https://jpmc.fa.oraclecloud.com/hcmUI/CandidateExperience/en/sites/CX_1001/job/210790999
NY + Jersey City,JPMorgan Chase,US Equity Research - SMid Biotech - Associate,"NY, United States",oracle,2026-09-11,2026-09-19,False,https://jpmc.fa.oraclecloud.com/hcmUI/CandidateExperience/en/sites/CX_1001/job/210790156
NY + Jersey City,JPMorgan Chase,Valuation Controller - Associate – Rates,"New York, NY, United States",oracle,2026-09-21,2026-09-22,False,https://jpmc.fa.oraclecloud.com/hcmUI/CandidateExperience/en/sites/CX_1001/job/210792265
NY + Jersey City,JPMorgan Chase,"Wealth Management Solutions, New Hire Experience Associate","New York, NY, United States",oracle,2026-09-30,2026-09-30,False,https://jpmc.fa.oraclecloud.com/hcmUI/CandidateExperience/en/sites/CX_1001/job/210796154
NY + Jersey City,JPMorgan Chase,Wholesale Credit Risk Associate - Stress Testing,"NY, United States",oracle,2026-09-22,2026-09-22,False,https://jpmc.fa.oraclecloud.com/hcmUI/CandidateExperience/en/sites/CX_1001/job/210789564
NY + Jersey City,JPMorgan Chase,Wholesale Credit Risk Loan Loss Forecasting Risk Associate,"Jersey City, NJ, United States",oracle,2026-09-14,2026-09-19,False,https://jpmc.fa.oraclecloud.com/hcmUI/CandidateExperience/en/sites/CX_1001/job/210783802
NY + Jersey City,KeyBank,"2027 KeyBank Consumer Analyst Development Program - Buffalo, NY","Buffalo, NY",workday,2026-10-05,2026-09-17,False,https://keybank.wd5.myworkdayjobs.com/External_Career_Site/job/Buffalo-NY/XMLNAME-2027-KeyBank-Consumer-Analyst-Development-Program---Buffalo--NY_R-41889
NY + Jersey City,KeyBank,"Associate, Equity Research - Cybersecurity & Data","New York, NY",workday,2026-09-22,2026-09-17,False,https://keybank.wd5.myworkdayjobs.com/External_Career_Site/job/New-York-NY/Associate-II--Equity-Research---Cyber_R-41621
NY + Jersey City,KeyBank,Consumer Credit Risk Analyst III,"Amherst, NY",workday,2026-10-02,2026-10-01,False,https://keybank.wd5.myworkdayjobs.com/External_Career_Site/job/Amherst-NY/Consumer-Credit-Risk-Analyst_R-42397
NY + Jersey City,KeyBank,Financial Wellness Associate,"Liberty, NY",workday,2026-09-11,2026-09-17,False,https://keybank.wd5.myworkdayjobs.com/External_Career_Site/job/Liberty-NY/Financial-Wellness-Associate_R-42109
NY + Jersey City,KeyBank,Financial Wellness Associate - Bilingual Spanish Preferred,"Pawling, NY",workday,2026-09-21,2026-09-17,False,https://keybank.wd5.myworkdayjobs.com/External_Career_Site/job/Pawling-NY/Financial-Wellness-Associate_R-41503
NY + Jersey City,LVMH,"Assistant Planner, Sephora Account (Parfums Christian Dior)","New York, New York, United States",lvmh,2026-09-29,2026-10-01,False,https://emea3.recruitmentplatform.com/apply-app/pages/application-form?jobId=PYZFK026203F3VBQB798N7VG6-1097732&langCode=en_US
NY + Jersey City,LVMH,"Associate Manager, Field Marketing – Champagne & Sparkling (Moët Hennessy)","New York, New York, United States",lvmh,2026-09-15,2026-10-01,False,https://emea3.recruitmentplatform.com/apply-app/pages/application-form?jobId=PYZFK026203F3VBQB798N7VG6-1095017&langCode=en_US
NY + Jersey City,LVMH,"Associate Manager, Product Innovation (Fresh)","New York, New York, United States",lvmh,2026-09-09,2026-10-01,False,https://emea3.recruitmentplatform.com/apply-app/pages/application-form?jobId=PYZFK026203F3VBQB798N7VG6-1093621&langCode=en_US
NY + Jersey City,LVMH,Marketing Operations Specialist (Moët Hennessy),"New York, New York, United States",lvmh,2026-09-27,2026-10-01,False,https://emea3.recruitmentplatform.com/apply-app/pages/application-form?jobId=PYZFK026203F3VBQB798N7VG6-1097102&langCode=en_US
NY + Jersey City,Lazard,AUM Reporting Analyst,"New York, United States",oracle,2026-09-14,2026-09-17,False,https://icbpjb.fa.ocs.oraclecloud.com/hcmUI/CandidateExperience/en/sites/LazardProfessionalCareers/job/6454
NY + Jersey City,Lazard,Analyst - Financial Institutions Group,"New York, United States",oracle,2026-09-10,2026-09-17,False,https://icbpjb.fa.ocs.oraclecloud.com/hcmUI/CandidateExperience/en/sites/LazardProfessionalCareers/job/6564
NY + Jersey City,Lazard,Analyst - Private Capital Advisory - Secondaries,"New York, United States",oracle,2026-09-15,2026-09-17,False,https://icbpjb.fa.ocs.oraclecloud.com/hcmUI/CandidateExperience/en/sites/LazardProfessionalCareers/job/6029
NY + Jersey City,Lazard,Associate - Private Capital Advisory - Secondaries,"New York, United States",oracle,2026-09-15,2026-09-17,False,https://icbpjb.fa.ocs.oraclecloud.com/hcmUI/CandidateExperience/en/sites/LazardProfessionalCareers/job/6587
NY + Jersey City,Lazard,Emerging Market Corporate Bond Research Analyst,"New York, United States",oracle,2026-09-17,2026-09-17,False,https://icbpjb.fa.ocs.oraclecloud.com/hcmUI/CandidateExperience/en/sites/LazardProfessionalCareers/job/6607
NY + Jersey City,Lazard,Fixed Income Business Analyst,"New York, United States",oracle,2026-09-17,2026-09-17,False,https://icbpjb.fa.ocs.oraclecloud.com/hcmUI/CandidateExperience/en/sites/LazardProfessionalCareers/job/6602
NY + Jersey City,Macquarie Group,"Analyst or Associate, Equity and Capital Solutions",New York Office,pageup,2026-10-02,2026-09-17,False,https://recruitment.macquarie.com/en_US/careers/JobDetail?jobId=20561
NY + Jersey City,Macquarie Group,"Analyst, Infrastructure Private Equity – Transportation – 2027",New York Office,pageup,2026-09-28,2026-09-28,False,https://recruitment.macquarie.com/en_US/careers/JobDetail?jobId=24422
NY + Jersey City,Macquarie Group,"Analyst, Private Credit",New York Office,pageup,2026-09-24,2026-09-24,False,https://recruitment.macquarie.com/en_US/careers/JobDetail?jobId=20560
NY + Jersey City,Macquarie Group,"Analyst/Associate, Software and Services M&A","Chicago Office, New York Office",pageup,2026-09-30,2026-09-18,False,https://recruitment.macquarie.com/en_US/careers/JobDetail?jobId=22766
NY + Jersey City,Macquarie Group,"Associate, Alternatives Distribution and Client Services",New York Office,pageup,2026-09-29,2026-09-29,False,https://recruitment.macquarie.com/en_US/careers/JobDetail?jobId=22800
NY + Jersey City,Macquarie Group,"Associate, Business Operational Risk (Specialised Asset Finance)",New York Office,pageup,2026-10-01,2026-09-17,False,https://recruitment.macquarie.com/en_US/careers/JobDetail?jobId=23966
NY + Jersey City,Macquarie Group,"Associate, Credit Risk",New York Office,pageup,2026-09-29,2026-09-29,False,https://recruitment.macquarie.com/en_US/careers/JobDetail?jobId=24381
NY + Jersey City,Macquarie Group,"Business Analyst, Real Assets and Real Estate",New York Office,pageup,2026-09-16,2026-09-17,False,https://recruitment.macquarie.com/en_US/careers/JobDetail?jobId=24149
NY + Jersey City,Macquarie Group,Securitized Credit Research Analyst,"New York Office, Philadelphia Office",pageup,2026-10-02,2026-10-02,False,https://recruitment.macquarie.com/en_US/careers/JobDetail?jobId=22843
NY + Jersey City,Michael Page,Business Analyst - Finance Data & General Ledger · Contract,"New York, New York",michaelpage,,2026-10-05,True,https://www.michaelpage.com/job-detail/business-analyst-finance-data-general-ledger/ref/jn-082026-7079999
NY + Jersey City,Michael Page,Business Analyst · Contract,"New York, New York",michaelpage,,2026-10-05,True,https://www.michaelpage.com/job-detail/regulatory-business-analyst/ref/jn-082026-7086741
NY + Jersey City,Michael Page,Business Analyst · Contract,"New York, New York",michaelpage,,2026-10-05,True,https://www.michaelpage.com/job-detail/business-analyst-market-risk/ref/jn-092026-7099316
NY + Jersey City,Michael Page,Business Analyst · Direct hire,"New York, New York",michaelpage,,2026-10-05,True,https://www.michaelpage.com/job-detail/business-analysterp-specialist/ref/jn-082026-7081663
NY + Jersey City,Michael Page,"RegTech Business Analyst (HYBRID, NYC) · Contract","New York, New York",michaelpage,,2026-10-05,True,https://www.michaelpage.com/job-detail/regtech-business-analyst-hybrid-nyc/ref/jn-092026-7107546
NY + Jersey City,Michael Page,Risk and Control Analyst · Contract,"New York, New York",michaelpage,,2026-10-05,True,https://www.michaelpage.com/job-detail/it-audit-contractor/ref/jn-092026-7096510
NY + Jersey City,Mizuho,Associate Financial Planning & Analysis (Reporting & Analytics),"New York, NY (1271 AOA/6th Ave)",workday,2026-09-24,2026-09-24,False,https://mizuho.wd1.myworkdayjobs.com/mizuhoamericas/job/New-York-NY-1271-AOA6th-Ave/Associate-Financial-Planning---Analysis--Reporting---Analytics-_R7393-1
NY + Jersey City,Mizuho,"Associate, Cash Channel Product Management","New York, NY (1271 AOA/6th Ave)",workday,2026-09-29,2026-09-30,False,https://mizuho.wd1.myworkdayjobs.com/mizuhoamericas/job/New-York-NY-1271-AOA6th-Ave/Associate--Cash-Channel-Product-Management_R7403
NY + Jersey City,Mizuho,"Associate, Transaction Banking Sales Support","New York, NY (1271 AOA/6th Ave)",workday,2026-09-29,2026-09-30,False,https://mizuho.wd1.myworkdayjobs.com/mizuhoamericas/job/New-York-NY-1271-AOA6th-Ave/Associate--Transaction-Banking-Sales-Support_R7407
NY + Jersey City,Mizuho,Credit Analyst,NYC (1285),workday,2026-09-29,2026-09-29,False,https://mizuho.wd1.myworkdayjobs.com/mizuhoamericas/job/NYC-1285/Credit-Analyst_R7428-1
NY + Jersey City,Mizuho,"Investment & Corporate Banking - Consumer & Retail, Analyst","New York, NY (1271 AOA/6th Ave)",workday,2026-09-15,2026-09-24,False,https://mizuho.wd1.myworkdayjobs.com/mizuhoamericas/job/New-York-NY-1271-AOA6th-Ave/Investment---Corporate-Banking---Consumer---Retail--Analyst_R7370
NY + Jersey City,Mizuho,"Investment & Corporate Banking - Consumer & Retail, Associate","New York, NY (1271 AOA/6th Ave)",workday,2026-09-30,2026-10-01,False,https://mizuho.wd1.myworkdayjobs.com/mizuhoamericas/job/New-York-NY-1271-AOA6th-Ave/Investment---Corporate-Banking---Consumer---Retail--Associate_R7401
NY + Jersey City,Mizuho,"Investment & Corporate Banking - Industrials & Diversified Industries, Analyst","New York, NY (1271 AOA/6th Ave)",workday,2026-09-23,2026-09-24,False,https://mizuho.wd1.myworkdayjobs.com/mizuhoamericas/job/New-York-NY-1271-AOA6th-Ave/Investment---Corporate-Banking---Industrials---Diversified-Industries--Analyst_R7394
NY + Jersey City,Mizuho,"Investment & Corporate Banking - Portfolio Management - Project Finance, Associate","New York, NY (1271 AOA/6th Ave)",workday,2026-10-01,2026-10-01,False,https://mizuho.wd1.myworkdayjobs.com/mizuhoamericas/job/New-York-NY-1271-AOA6th-Ave/Investment---Corporate-Banking---Portfolio-Management---Project-Finance--Associate_R7254
NY + Jersey City,Mizuho,"Investment & Corporate Banking | Infrastructure & Project Finance | Natural Resources, Power & Infrastructure – Analyst","New York, NY (1271 AOA/6th Ave)",workday,2026-09-23,2026-09-24,False,https://mizuho.wd1.myworkdayjobs.com/mizuhoamericas/job/New-York-NY-1271-AOA6th-Ave/Investment---Corporate-Banking---Infrastructure---Project-Finance---Natural-Resources--Power---Infrastructure---Analyst_R7395
NY + Jersey City,Mizuho,Securities Regulatory Reporting Associate,"New York, NY (1271 AOA/6th Ave)",workday,2026-09-25,2026-09-26,False,https://mizuho.wd1.myworkdayjobs.com/mizuhoamericas/job/New-York-NY-1271-AOA6th-Ave/Securities-Regulatory-Reporting-Associate_R7366-1
NY + Jersey City,Mizuho,Tax Associate,"New York, NY (1271 AOA/6th Ave)",workday,2026-10-02,2026-10-02,False,https://mizuho.wd1.myworkdayjobs.com/mizuhoamericas/job/New-York-NY-1271-AOA6th-Ave/Tax-Associate_R7408
NY + Jersey City,Moelis & Company,"Analyst, Investment Banking - Power, Utilities & Infrastructure, New York City",New York,workday,2026-09-29,2026-09-15,False,https://moelis.wd1.myworkdayjobs.com/Experienced-Hires/job/New-York/Analyst--Investment-Banking---Power--Utilities---Infrastructure--New-York-City_REQ102287
NY + Jersey City,Moelis & Company,"Analyst, Investment Banking - Private Capital Advisory (Primaries)",New York,workday,2026-09-16,2026-09-15,False,https://moelis.wd1.myworkdayjobs.com/Experienced-Hires/job/New-York/Analyst--Investment-Banking---Private-Capital-Advisory--Primaries-_REQ102306
NY + Jersey City,Moelis & Company,"Associate, Investment Banking - Private Capital Advisory (Primaries)",New York,workday,2026-09-16,2026-09-15,False,https://moelis.wd1.myworkdayjobs.com/Experienced-Hires/job/New-York/Associate--Investment-Banking---Private-Capital-Advisory--Primaries-_REQ102307
NY + Jersey City,Moelis & Company,"Associate, Investment Banking – Consumer & Retail, New York City",New York,workday,2026-09-30,2026-09-15,False,https://moelis.wd1.myworkdayjobs.com/Experienced-Hires/job/New-York/Associate--Investment-Banking---Consumer---Retail--New-York-City_REQ102178
NY + Jersey City,Moelis & Company,"Associate, Investment Banking – Healthcare Services",New York,workday,2026-09-09,2026-09-15,False,https://moelis.wd1.myworkdayjobs.com/Experienced-Hires/job/New-York/Associate--Investment-Banking---Healthcare-Services_REQ102317
NY + Jersey City,Moelis & Company,"Associate, Investment Banking – Pharma Services/Med Tech",New York,workday,2026-09-29,2026-09-15,False,https://moelis.wd1.myworkdayjobs.com/Experienced-Hires/job/New-York/Associate--Investment-Banking---Pharma-Services-Med-Tech_REQ102089
NY + Jersey City,Moelis & Company,"Human Capital Management, Analyst - New York",New York,workday,2026-09-08,2026-09-15,False,https://moelis.wd1.myworkdayjobs.com/Experienced-Hires/job/New-York/Human-Capital-Management--Analyst---New-York_REQ102316
NY + Jersey City,Moelis & Company,"Investment Banking Associate, Capital Markets - New York",New York,workday,2026-09-25,2026-09-15,False,https://moelis.wd1.myworkdayjobs.com/Experienced-Hires/job/New-York/Investment-Banking-Associate--Capital-Markets---New-York_REQ102205-1
NY + Jersey City,Moelis & Company,"Investment Banking Associate, Data Centers & Emerging Telecom – New York City",New York,workday,2026-09-30,2026-09-15,False,https://moelis.wd1.myworkdayjobs.com/Experienced-Hires/job/New-York/Investment-Banking-Associate--Data-Centers---Emerging-Telecom---New-York-City_REQ102265
NY + Jersey City,Moelis & Company,"Investment Banking Associate, Industrials - New York",New York,workday,2026-09-16,2026-09-15,False,https://moelis.wd1.myworkdayjobs.com/Experienced-Hires/job/New-York/Investment-Banking-Associate--Industrials---New-York_REQ102296
NY + Jersey City,Moncler,Retail Merchandiser,"New York, New York",jibe,2026-10-02,2026-10-03,False,https://jobs.monclergroup.com/jobs/34055
NY + Jersey City,Morgan Stanley,Associate - AI Governance & Reporting - Model Risk,"New York, New York, United States of America",workday,2026-09-11,2026-09-15,False,https://ms.wd5.myworkdayjobs.com/External/job/New-York-New-York-United-States-of-America/Associate---AI-Governance---Reporting---Model-Risk_PT-JR043622
NY + Jersey City,Morgan Stanley,Associate - Fixed Income Operations,"New York, New York, United States of America",workday,2026-09-30,2026-10-01,False,https://ms.wd5.myworkdayjobs.com/External/job/New-York-New-York-United-States-of-America/Associate---Fixed-Income-Operations_PT-JR044918-1
NY + Jersey City,Morgan Stanley,"Associate, Investor Services","New York, New York, United States of America",workday,2026-09-28,2026-09-28,False,https://ms.wd5.myworkdayjobs.com/External/job/New-York-New-York-United-States-of-America/Associate--Investor-Services_JR036943
NY + Jersey City,Morgan Stanley,"Associate, Platforms - EquityZen","New York, New York, United States of America",workday,2026-09-10,2026-09-15,False,https://ms.wd5.myworkdayjobs.com/External/job/New-York-New-York-United-States-of-America/Associate--Platforms---EquityZen_PT-JR035754-1
NY + Jersey City,Morgan Stanley,"Associate, Risk / Policy Management","New York, New York, United States of America",workday,2026-09-28,2026-09-28,False,https://ms.wd5.myworkdayjobs.com/External/job/New-York-New-York-United-States-of-America/Associate--Risk---Policy-Management_JR031784
NY + Jersey City,Morgan Stanley,"Associate, Risk/Policy Management","New York, New York, United States of America",workday,2026-09-30,2026-09-30,False,https://ms.wd5.myworkdayjobs.com/External/job/New-York-New-York-United-States-of-America/Associate--Risk-Policy-Management_JR040561
NY + Jersey City,Morgan Stanley,"Associate, SEC Reporting","New York, New York, United States of America",workday,2026-09-29,2026-09-15,False,https://ms.wd5.myworkdayjobs.com/External/job/New-York-New-York-United-States-of-America/Associate--SEC-Reporting_PT-JR041702
NY + Jersey City,Morgan Stanley,"Associate, Software Engineer","New York, New York, United States of America",workday,2026-10-01,2026-10-02,False,https://ms.wd5.myworkdayjobs.com/External/job/New-York-New-York-United-States-of-America/Associate--Software-Engineer_JR042832
NY + Jersey City,Morgan Stanley,"Associate, Software Engineer","New York, New York, United States of America",workday,2026-09-25,2026-09-25,False,https://ms.wd5.myworkdayjobs.com/External/job/New-York-New-York-United-States-of-America/Associate--Software-Engineer_JR036259
NY + Jersey City,Morgan Stanley,Client Relationship Analyst,"Glens Falls, New York, United States of America",workday,2026-10-02,2026-10-03,False,https://ms.wd5.myworkdayjobs.com/External/job/Glens-Falls-New-York-United-States-of-America/Client-Relationship-Analyst_JR044054-1
NY + Jersey City,Morgan Stanley,Client Service Associate,"Latham, New York, United States of America",workday,2026-09-17,2026-09-17,False,https://ms.wd5.myworkdayjobs.com/External/job/Latham-New-York-United-States-of-America/Client-Service-Associate_JR043592
NY + Jersey City,Morgan Stanley,Client Service Associate (Bilingual English/Portuguese),"New York, New York, United States of America",workday,2026-09-17,2026-09-16,False,https://ms.wd5.myworkdayjobs.com/External/job/New-York-New-York-United-States-of-America/Client-Service-Associate_JR043809-1
NY + Jersey City,Morgan Stanley,"Corporate Treasury, Recovery and Resolution Planning Modeling - Associate","New York, New York, United States of America",workday,2026-09-16,2026-09-16,False,https://ms.wd5.myworkdayjobs.com/External/job/New-York-New-York-United-States-of-America/Corporate-Treasury--Recovery-and-Resolution-Planning-Modeling---Associate_PT-JR043898
NY + Jersey City,Morgan Stanley,Digital Client Experience and Platforms Business Analyst – Associate,"Purchase, New York, United States of America",workday,2026-09-14,2026-09-15,False,https://ms.wd5.myworkdayjobs.com/External/job/Purchase-New-York-United-States-of-America/Digital-Client-Experience-and-Platforms-Business-Analyst---Associate_PT-JR043844
NY + Jersey City,Morgan Stanley,"Equity Research – Analyst/Associate, Hardlines, Broadlines & Food Retail (New York)","New York, New York, United States of America",workday,2026-09-09,2026-09-15,False,https://ms.wd5.myworkdayjobs.com/External/job/New-York-New-York-United-States-of-America/Equity-Research---Analyst-Associate--Hardlines--Broadlines---Food-Retail--New-York-_JR043569-1
NY + Jersey City,Morgan Stanley,"Fixed Income Division - Analyst or Associate, Municipal Markets (New York)","New York, New York, United States of America",workday,2026-09-21,2026-09-16,False,https://ms.wd5.myworkdayjobs.com/External/job/New-York-New-York-United-States-of-America/Fixed-Income-Division---Analyst--Municipal-Markets--New-York-_JR043965-1
NY + Jersey City,Morgan Stanley,"Global Capital Markets – Analyst/Associate, Alternative Capital Solutions (New York)","New York, New York, United States of America",workday,2026-09-16,2026-09-16,False,https://ms.wd5.myworkdayjobs.com/External/job/New-York-New-York-United-States-of-America/Global-Capital-Markets---Analyst-Associate--Alternative-Capital-Solutions--New-York-_JR043862-1
NY + Jersey City,Morgan Stanley,Investment Banking Healthcare Associate – New York,"New York, New York, United States of America",workday,2026-09-08,2026-09-15,False,https://ms.wd5.myworkdayjobs.com/External/job/New-York-New-York-United-States-of-America/Investment-Banking-Healthcare-Associate---New-York_JR042158-1
NY + Jersey City,Morgan Stanley,Investment Banking M&A Associate – New York,"New York, New York, United States of America",workday,2026-09-22,2026-09-15,False,https://ms.wd5.myworkdayjobs.com/External/job/New-York-New-York-United-States-of-America/Investment-Banking-M-A-Associate---New-York_JR027943
NY + Jersey City,Morgan Stanley,Investment Banking Private Capital Advisory Analyst – New York,"New York, New York, United States of America",workday,2026-09-16,2026-09-16,False,https://ms.wd5.myworkdayjobs.com/External/job/New-York-New-York-United-States-of-America/Investment-Banking-Private-Capital-Advisory-Analyst---New-York_JR043747
NY + Jersey City,Morgan Stanley,Latam and US Offshore Sales Analyst/Associate,"New York, New York, United States of America",workday,2026-09-28,2026-09-28,False,https://ms.wd5.myworkdayjobs.com/External/job/New-York-New-York-United-States-of-America/Latam-and-US-Offshore-Sales-Analyst-Associate_JR043897-1
NY + Jersey City,Morgan Stanley,MSIM - Liquidity Sales Desk - Analyst,"New York, New York, United States of America",workday,2026-09-28,2026-09-28,False,https://ms.wd5.myworkdayjobs.com/External/job/New-York-New-York-United-States-of-America/MSIM---Liquidity-Sales-Desk---Analyst_JR044847-1
NY + Jersey City,Morgan Stanley,"MSIM Tactical Value, Acquisitions Associate (2027 Program)","New York, New York, United States of America",workday,2026-09-09,2026-09-15,False,https://ms.wd5.myworkdayjobs.com/External/job/New-York-New-York-United-States-of-America/MSIM-Tactical-Value--Acquisitions-Associate--2027-Program-_JR043156
NY + Jersey City,Morgan Stanley,"MSIM — Associate, Data Operations — Private Markets","New York, New York, United States of America",workday,2026-09-28,2026-09-28,False,https://ms.wd5.myworkdayjobs.com/External/job/New-York-New-York-United-States-of-America/MSIM---Associate--Data-Operations---Private-Markets_JR044150-1
NY + Jersey City,Morgan Stanley,NNA Analytics and Insights – Analyst /Associate,"New York, New York, United States of America",workday,2026-09-11,2026-09-15,False,https://ms.wd5.myworkdayjobs.com/External/job/New-York-New-York-United-States-of-America/NNA-Analytics-and-Insights---Analyst--Associate_PT-JR042091-1
NY + Jersey City,Morgan Stanley,Private Wealth Management Analyst,"New York, New York, United States of America",workday,2026-09-07,2026-09-15,False,https://ms.wd5.myworkdayjobs.com/External/job/New-York-New-York-United-States-of-America/Private-Wealth-Management-Analyst_JR031358-1
NY + Jersey City,Morgan Stanley,Private Wealth Management Investment Consultant,"New York, New York, United States of America",workday,2026-09-18,2026-09-17,False,https://ms.wd5.myworkdayjobs.com/External/job/New-York-New-York-United-States-of-America/Investment-Consultant---Relationship-Manager_JR042510-1
NY + Jersey City,Morgan Stanley,Registered Client Relationship Analyst,"Garden City, New York, United States of America",workday,2026-09-28,2026-09-28,False,https://ms.wd5.myworkdayjobs.com/External/job/Garden-City-New-York-United-States-of-America/Registered-Client-Relationship-Analyst_JR044763-1
NY + Jersey City,Morgan Stanley,Registered Client Relationship Analyst,"Garden City, New York, United States of America",workday,2026-09-25,2026-09-26,False,https://ms.wd5.myworkdayjobs.com/External/job/Garden-City-New-York-United-States-of-America/Registered-Client-Relationship-Analyst_JR044765-1
NY + Jersey City,Morgan Stanley,Registered Client Service Associate,"Poughkeepsie, New York, United States of America",workday,2026-10-02,2026-10-03,False,https://ms.wd5.myworkdayjobs.com/External/job/Poughkeepsie-New-York-United-States-of-America/Registered-Client-Service-Associate_JR029423
NY + Jersey City,Morgan Stanley,Registered Client Service Associate,"New York, New York, United States of America",workday,2026-09-21,2026-09-22,False,https://ms.wd5.myworkdayjobs.com/External/job/New-York-New-York-United-States-of-America/Registered-Client-Service-Associate_JR043973-1
NY + Jersey City,Morgan Stanley,Registered Client Service Associate,"Garden City, New York, United States of America",workday,2026-09-08,2026-09-15,False,https://ms.wd5.myworkdayjobs.com/External/job/Garden-City-New-York-United-States-of-America/Registered-Client-Service-Associate_JR036103-1
NY + Jersey City,Morgan Stanley,"Return To Work - Finance Associate | New York, NY","New York, New York, United States of America",workday,2026-09-16,2026-09-16,False,https://ms.wd5.myworkdayjobs.com/External/job/New-York-New-York-United-States-of-America/Return-To-Work---Finance-Associate---New-York--NY_JR043885
NY + Jersey City,Morgan Stanley,"Return To Work - Virtual Engagement Associate (VEA) | New York, NY","New York, New York, United States of America",workday,2026-09-16,2026-09-16,False,https://ms.wd5.myworkdayjobs.com/External/job/New-York-New-York-United-States-of-America/Return-To-Work---Virtual-Engagement-Associate--VEA----New-York--NY_JR043619
NY + Jersey City,Morgan Stanley,Risk COO (Risk Management) : Job Level - Associate,"New York, New York, United States of America",workday,2026-09-11,2026-09-15,False,https://ms.wd5.myworkdayjobs.com/External/job/New-York-New-York-United-States-of-America/Risk-COO--Risk-Management----Job-Level---Associate_PT-JR043676
NY + Jersey City,Morgan Stanley,Trading Strategy & Research Associate,"New York, New York, United States of America",workday,2026-09-28,2026-09-28,False,https://ms.wd5.myworkdayjobs.com/External/job/New-York-New-York-United-States-of-America/Trading-Strategy---Research-Associate_JR044482-1
NY + Jersey City,Morgan Stanley,"Wealth Management, OCIO Defined Contribution Retirement - Analyst/Associate","New York, New York, United States of America",workday,2026-09-24,2026-09-25,False,https://ms.wd5.myworkdayjobs.com/External/job/New-York-New-York-United-States-of-America/Wealth-Management--OCIO-Defined-Contribution-Retirement---Analyst-Associate_PT-JR044754
NY + Jersey City,Neuberger Berman,Private Markets Marketing/Fundraising Analyst,"New York, NY",workday,2026-09-10,2026-09-15,False,https://nb.wd1.myworkdayjobs.com/NBCareers/job/New-York-NY/Private-Markets-Marketing-Fundraising-Analyst_R0012602
NY + Jersey City,Neuberger Berman,Private Wealth Business Analyst,"New York, NY",workday,2026-09-21,2026-09-15,False,https://nb.wd1.myworkdayjobs.com/NBCareers/job/New-York-NY/Client-Service-Journey-Owner_R0011939-1
NY + Jersey City,Neuberger Berman,Research Analyst,"New York, NY",workday,2026-09-09,2026-09-15,False,https://nb.wd1.myworkdayjobs.com/NBCareers/job/New-York-NY/Research-Analyst_R0012254-1
NY + Jersey City,Neuberger Berman,Solutions Analyst,"New York, NY",workday,2026-09-21,2026-09-22,False,https://nb.wd1.myworkdayjobs.com/NBCareers/job/New-York-NY/Solutions-Analyst_R0012626
NY + Jersey City,Neuberger Berman,Supervision Analyst,"New York, NY",workday,2026-09-30,2026-09-30,False,https://nb.wd1.myworkdayjobs.com/NBCareers/job/New-York-NY/Supervision-Analyst_R0012679
NY + Jersey City,Neuberger Berman,Technology Business Analyst - Client Data & AUM Reporting,"New York, NY",workday,2026-09-23,2026-09-24,False,https://nb.wd1.myworkdayjobs.com/NBCareers/job/New-York-NY/Technology-Business-Analyst---Client-Data---AUM-Reporting_R0012405
NY + Jersey City,Oppenheimer & Co.,"Client Service Associate (Mandarin Speaking; Midtown East, NY)",New York,hrmdirect,,2026-09-17,False,https://opco.hrmdirect.com/employment/job-opening.php?req=3750067
NY + Jersey City,Oppenheimer & Co.,Compliance Analyst,New York,hrmdirect,,2026-09-17,False,https://opco.hrmdirect.com/employment/job-opening.php?req=3799437
NY + Jersey City,Oppenheimer & Co.,Investment Banking Associate - Financial Institutions,New York,hrmdirect,,2026-09-17,False,https://opco.hrmdirect.com/employment/job-opening.php?req=3647144
NY + Jersey City,Oppenheimer & Co.,Investment Banking Associate  Global Fund Placement & Advisory,New York,hrmdirect,,2026-09-17,False,https://opco.hrmdirect.com/employment/job-opening.php?req=3671054
NY + Jersey City,Oppenheimer & Co.,Investment Banking Debt Advisory & Restructuring Associate,New York,hrmdirect,,2026-09-17,False,https://opco.hrmdirect.com/employment/job-opening.php?req=3731797
NY + Jersey City,Oppenheimer & Co.,Investment Banking Healthcare M&A Associate,New York,hrmdirect,,2026-09-17,False,https://opco.hrmdirect.com/employment/job-opening.php?req=3701148
NY + Jersey City,Oppenheimer & Co.,"Registered Client Service Associate (Chrysler East, NY)",New York,hrmdirect,,2026-09-19,False,https://opco.hrmdirect.com/employment/job-opening.php?req=3821495
NY + Jersey City,Oppenheimer & Co.,Research Associate - Emerging Technologies and Services,New York,hrmdirect,,2026-09-17,False,https://opco.hrmdirect.com/employment/job-opening.php?req=3735679
NY + Jersey City,PGIM,"PGIM Real Estate Investment Associate Originations (New York City, NY)","New York, NY, USA",workday,2026-09-21,2026-09-15,False,https://pru.wd5.myworkdayjobs.com/PGIM_Careers/job/New-York-NY-USA/PGIM-Real-Estate-Investment-Associate-Originations--New-York-City--NY-_R-124711
NY + Jersey City,PJT Partners,Analyst - Compliance,New York,workday,,2026-09-24,False,https://pjtpartners.wd1.myworkdayjobs.com/Careers/job/New-York/Analyst---Compliance_R0003544
NY + Jersey City,PJT Partners,Analyst - PJT Camberview (Strategic Investor Relations),New York,workday,,2026-09-18,False,https://pjtpartners.wd1.myworkdayjobs.com/Careers/job/New-York/Analyst---PJT-Camberview--Strategic-Investor-Relations-_R0003496
NY + Jersey City,PJT Partners,Analyst - PJT Park Hill (Corporate - DealCloud),New York,workday,,2026-09-18,False,https://pjtpartners.wd1.myworkdayjobs.com/Careers/job/New-York/Analyst---Park-Hill-Corporate--DealCloud-_R0003386
NY + Jersey City,PJT Partners,Analyst - PJT Park Hill (Private Equity - Project Management),New York,workday,,2026-09-18,False,https://pjtpartners.wd1.myworkdayjobs.com/Careers/job/New-York/Analyst---PJT-Park-Hill--Private-Equity---Project-Management-_R0003321
NY + Jersey City,PJT Partners,Analyst - Restructuring & Special Situations Group (New Business Research),New York,workday,,2026-09-18,False,https://pjtpartners.wd1.myworkdayjobs.com/Careers/job/New-York/Analyst---Restructuring---Special-Situations-Group--New-Business-Research-_R0003444
NY + Jersey City,PJT Partners,Associate - Campus Recruiter,New York,workday,,2026-09-18,False,https://pjtpartners.wd1.myworkdayjobs.com/Careers/job/New-York/Associate---Campus-Recruiter_R0003456
NY + Jersey City,PJT Partners,Associate - Strategic Advisory (LatAm),New York,workday,,2026-09-25,False,https://pjtpartners.wd1.myworkdayjobs.com/Careers/job/New-York/Associate---Strategic-Advisory--LatAm-_R0003547
NY + Jersey City,PJT Partners,"Associate - Strategic Advisory (Power, Utilities & Renewables)",New York,workday,,2026-09-18,False,https://pjtpartners.wd1.myworkdayjobs.com/Careers/job/New-York/Associate---Strategic-Advisory--Power--Utilities---Renewables-_R0003518
NY + Jersey City,PJT Partners,Associate - Technology (Technical Project Manager),New York,workday,,2026-09-18,False,https://pjtpartners.wd1.myworkdayjobs.com/Careers/job/New-York/Associate---Technology--Technical-Project-Manager-_R0003260
NY + Jersey City,PJT Partners,Associate - Technology (Technology Asset Manager),New York,workday,,2026-09-18,False,https://pjtpartners.wd1.myworkdayjobs.com/Careers/job/New-York/Associate---Technology--Technology-Asset-Manager-_R0003371
NY + Jersey City,PJT Partners,Associate - Technology (Workday Financials),New York,workday,,2026-09-18,False,https://pjtpartners.wd1.myworkdayjobs.com/Careers/job/New-York/Associate---Technology--Workday-Financials-_R0003500
NY + Jersey City,PJT Partners,Associate – PJT Camberview (Shareholder Advisory – Strategic IR),New York,workday,,2026-09-18,False,https://pjtpartners.wd1.myworkdayjobs.com/Careers/job/New-York/Associate---PJT-Camberview--Shareholder-Advisory---Strategic-IR-_R0002713
NY + Jersey City,PJT Partners,HR Payroll Associate,New York,workday,,2026-10-02,False,https://pjtpartners.wd1.myworkdayjobs.com/Careers/job/New-York/HR-Payroll-Associate_R0003552
NY + Jersey City,Perella Weinberg Partners,"Associate, Restructuring, Advisory",New York,workday,2026-09-18,2026-09-19,False,https://wd1.myworkdaysite.com/recruiting/pwp/PWP_Experienced_Opportunities/job/New-York/Associate--Restructuring--Advisory_R0000064
NY + Jersey City,Phillips,"Cataloguer, Modern & Contemporary Art, New York","New York, New York",bamboohr,,2026-10-01,False,https://phillipsauctioneers.bamboohr.com/careers/521
NY + Jersey City,Piper Sandler,Associate Attorney - New York,"New York, NY",workday,2026-10-01,2026-10-01,False,https://pipersandler.wd501.myworkdayjobs.com/Piper_Sandler_Careers/job/New-York-NY/Associate-Attorney_R-100457
NY + Jersey City,Piper Sandler,Associate Attorney – Fixed Income,"New York, NY",workday,2026-09-24,2026-09-17,False,https://pipersandler.wd501.myworkdayjobs.com/Piper_Sandler_Careers/job/New-York-NY/Associate-Attorney---Fixed-Income_R-100695
NY + Jersey City,Piper Sandler,Campus Recruiting - 2027 Investment Banking Analyst - Restructuring,"New York, NY",workday,2026-09-28,2026-09-29,False,https://pipersandler.wd501.myworkdayjobs.com/Piper_Sandler_Careers/job/New-York-NY/Campus-Recruiting---2027-Investment-Banking-Analyst---Restructuring_R-100722-1
NY + Jersey City,Piper Sandler,Equity Research Associate – MedTech,"New York, NY",workday,2026-09-25,2026-09-25,False,https://pipersandler.wd501.myworkdayjobs.com/Piper_Sandler_Careers/job/New-York-NY/Equity-Research-Associate---MedTech_R-100720
NY + Jersey City,Piper Sandler,Equity Research Associate – Power Generation,"New York, NY",workday,2026-09-25,2026-09-25,False,https://pipersandler.wd501.myworkdayjobs.com/Piper_Sandler_Careers/job/New-York-NY/Equity-Research-Associate---Energy_R-100719
NY + Jersey City,Piper Sandler,Fixed Income Strategy and Analytics Analyst,"New York, NY",workday,2026-09-23,2026-09-23,False,https://pipersandler.wd501.myworkdayjobs.com/Piper_Sandler_Careers/job/New-York-NY/Fixed-Income-Strategy-and-Analytics-Analyst_R-100718
NY + Jersey City,Piper Sandler,Secondary Capital Advisory - Experienced Analyst or Associate,"New York, NY",workday,2026-09-17,2026-09-18,False,https://pipersandler.wd501.myworkdayjobs.com/Piper_Sandler_Careers/job/New-York-NY/Secondary-Capital-Advisory---Experienced-Analyst-or-Associate_R-100714-1
NY + Jersey City,RBC Capital Markets,"Analyst, Trade Support","New York, New York, United States of America",phenom,2026-09-09,2026-09-18,False,https://rbc.wd3.myworkdayjobs.com/RBCGLOBAL1/job/New-York-New-York-United-States-of-America/Analyst--Trade-Support_R-0000186969-1
NY + Jersey City,RBC Capital Markets,"Analyst, US Municipal Finance, Higher Education","New York, New York, United States of America",phenom,2026-09-14,2026-09-18,False,https://rbc.wd3.myworkdayjobs.com/RBCGLOBAL1/job/New-York-New-York-United-States-of-America/Analyst--US-Municipal-Finance--Higher-Education_R-0000187720
NY + Jersey City,RBC Capital Markets,"Associate, Equity Derivatives Structurer","New York, New York, United States of America",phenom,2026-09-23,2026-09-23,False,https://rbc.wd3.myworkdayjobs.com/RBCGLOBAL1/job/New-York-New-York-United-States-of-America/Associate--Equity-Derivatives-Structurer_R-0000187752
NY + Jersey City,RBC Capital Markets,"Associate, FRB Regulatory Reporting & Strategy","Jersey City, New Jersey, United States of America",phenom,2026-10-01,2026-10-01,False,https://rbc.wd3.myworkdayjobs.com/RBCGLOBAL1/job/Jersey-City-New-Jersey-United-States-of-America/Associate--FRB-Regulatory-Reporting---Strategy_R-0000183770-1
NY + Jersey City,RBC Capital Markets,"Audit Analyst, Capital Markets","Jersey City, New Jersey, United States of America",phenom,2026-09-30,2026-10-01,False,https://rbc.wd3.myworkdayjobs.com/RBCGLOBAL1/job/Jersey-City-New-Jersey-United-States-of-America/Audit-Analyst--Capital-Markets_R-0000188521-1
NY + Jersey City,RBC Capital Markets,"Investment Associate, US Municipal Finance, Community Investments, Renewables","New York, New York, United States of America",phenom,2026-09-29,2026-09-30,False,https://rbc.wd3.myworkdayjobs.com/RBCGLOBAL1/job/New-York-New-York-United-States-of-America/Investment-Associate--US-Municipal-Finance--Community-Investments_R-0000189296-1
NY + Jersey City,Ramp,"Sales Development Representative, Strategic Accounts","New York, NY (HQ)",ashby,2026-09-25,2026-10-01,False,https://jobs.ashbyhq.com/ramp/7c55aa7c-90a5-46af-9ce7-134fbf370284
NY + Jersey City,Randstad,Data Operations and Reporting Associate · Direct hire,"New York, New York",randstad,2026-09-14,2026-10-05,True,https://www.randstadusa.com/jobs/308/ab_5056597/data-operations-and-reporting-associate_new-york/
NY + Jersey City,Randstad,Finance Analyst 4 · Contract,"New York, New York",randstad,2026-09-29,2026-10-05,True,https://www.randstadusa.com/jobs/308/ab_5082109/finance-analyst-4_new-york/
NY + Jersey City,Randstad,Operations Project Analyst - Funds Transfer · Contract,"Jersey City, New Jersey",randstad,2026-09-10,2026-10-05,True,https://www.randstadusa.com/jobs/308/ab_5049827/operations-project-analyst-funds-transfer_jersey-city/
NY + Jersey City,Richemont,VIE- Marketing Performance,NEW YORK,workday,2026-10-01,2026-10-01,False,https://richemont.wd3.myworkdayjobs.com/Richemont/job/NEW-YORK/VIE--Marketing-Performance_JR134378
NY + Jersey City,Robert Half,Financial Analyst - Entry Level · Contract,"New York, NY",roberthalf,2026-10-02,2026-10-05,True,https://www.roberthalf.com/us/en/job/new-york-ny/financial-analyst-entry-level/02942-0013512652-usen
NY + Jersey City,Robert Half,Financial Analyst - Entry Level · Contract,"New York, NY",roberthalf,2026-10-02,2026-10-05,True,https://www.roberthalf.com/us/en/job/new-york-ny/financial-analyst-entry-level/02942-0013512645-usen
NY + Jersey City,Robert Half,Financial Analyst - Entry Level · Contract-to-hire,"New York, NY",roberthalf,2026-10-05,2026-10-05,True,https://www.roberthalf.com/us/en/job/new-york-ny/financial-analyst-entry-level/02940-0013518990-usen
NY + Jersey City,Robert Half,Financial Analyst · Contract,"Jersey City, NJ",roberthalf,2026-09-29,2026-10-05,True,https://www.roberthalf.com/us/en/job/jersey-city-nj/financial-analyst/02680-0013508569-usen
NY + Jersey City,Sixth Street,Asset Based Finance Platform Associate,"New York, NY",workday,2026-09-23,2026-09-24,False,https://sixthstreet.wd1.myworkdayjobs.com/SixthStreetCareers/job/New-York-NY/Asset-Based-Finance-Platform-Associate_JR00099
NY + Jersey City,Sixth Street,BDC Accounting Analyst,"New York, NY",workday,2026-09-17,2026-09-18,False,https://sixthstreet.wd1.myworkdayjobs.com/SixthStreetCareers/job/New-York-NY/Fund-Treasury---Operations-Management-Analyst_JR00098
NY + Jersey City,Sotheby's,"Associate Cataloguer, Books and Manuscripts","New York, United States",greenhouse,2026-10-05,2026-10-05,True,https://job-boards.greenhouse.io/sothebys/jobs/6216839004
NY + Jersey City,Sotheby's,Client Success Analyst,"New York, United States",greenhouse,2026-09-16,2026-10-01,False,https://job-boards.greenhouse.io/sothebys/jobs/6196250004
NY + Jersey City,State Street,Strategic Relationship Group - Business Analyst,"New York, New York",workday,2026-09-29,2026-09-29,False,https://statestreet.wd1.myworkdayjobs.com/Global/job/New-York-New-York/Strategic-Relationship-Group---Business-Analyst_R-798761
NY + Jersey City,Stifel,IB Analyst - Diversified Industrials/Services (New York),US-NY-New York,icims,,2026-09-17,False,https://careers-stifel.icims.com/jobs/9836/ib-analyst---diversified-industrials-services-%28new-york%29/job
NY + Jersey City,Stifel,IB Associate - Energy,US-NY-New York,icims,,2026-09-17,False,https://careers-stifel.icims.com/jobs/9493/ib-associate---energy/job
NY + Jersey City,Stifel,IB Associate - Technology,US-NY-New York,icims,,2026-09-17,False,https://careers-stifel.icims.com/jobs/9659/ib-associate---technology/job
NY + Jersey City,Stifel,KBW – Debt Capital Markets Analyst (DCM),US-NY-New York,icims,,2026-09-17,False,https://careers-stifel.icims.com/jobs/9756/kbw-%e2%80%93-debt-capital-markets-analyst-%28dcm%29/job
NY + Jersey City,Stifel,Registered - Client Service Associate,US-NY-New York,icims,,2026-09-29,False,https://careers-stifel.icims.com/jobs/9976/registered---client-service-associate/job
NY + Jersey City,Stifel,Registered Client Service Associate,US-NY-New York,icims,,2026-09-22,False,https://careers-stifel.icims.com/jobs/9936/registered-client-service-associate/job
NY + Jersey City,Stifel,Research Associate II - Biotechnology,US-NY-New York,icims,,2026-09-17,False,https://careers-stifel.icims.com/jobs/9815/research-associate-ii---biotechnology/job
NY + Jersey City,Stifel,Research Associate II - Industrials,US-NY-New York,icims,,2026-09-17,False,https://careers-stifel.icims.com/jobs/9793/research-associate-ii---industrials/job
NY + Jersey City,Stifel,Research Associate II - Medical Technology & Supplies,US-NY-New York,icims,,2026-09-17,False,https://careers-stifel.icims.com/jobs/9564/research-associate-ii---medical-technology-%26-supplies/job
NY + Jersey City,Stifel,Research Associate II - Semiconductor,US-NY-New York,icims,,2026-09-17,False,https://careers-stifel.icims.com/jobs/9693/research-associate-ii---semiconductor/job
NY + Jersey City,Stifel,Research Associate III - Biotechnology,US-NY-New York,icims,,2026-09-17,False,https://careers-stifel.icims.com/jobs/9776/research-associate-iii---biotechnology/job
NY + Jersey City,Stifel,Research Associate III - Medical Technology & Supplies,US-NY-New York,icims,,2026-09-17,False,https://careers-stifel.icims.com/jobs/9882/research-associate-iii---medical-technology-%26-supplies/job
NY + Jersey City,Stripe,Comms Strategy & Operations Associate,"NYC, SF",greenhouse,2026-10-02,2026-10-03,False,https://stripe.com/jobs/search?gh_jid=8241857
NY + Jersey City,Stripe,GTM Strategy & Operations Analyst,"NYC, SF, Seattle, US",greenhouse,2026-09-14,2026-10-01,False,https://stripe.com/jobs/search?gh_jid=8201680
NY + Jersey City,Stripe,Product Support - Bridge,"New York, Seattle, San Francisco",greenhouse,2026-10-01,2026-10-01,False,https://stripe.com/jobs/search?gh_jid=8245584
NY + Jersey City,Stripe,"Strategy & Operations Business Partner, Solution Architecture","NYC, SF, Chicago, Seattle, US",greenhouse,2026-09-29,2026-10-01,False,https://stripe.com/jobs/search?gh_jid=8214620
NY + Jersey City,Susquehanna International Group,"Data Engineer, Alternative Data | Delta One Trading | Experienced Hire","New York, New York",jibe,2026-09-18,2026-09-19,False,https://careers.sig.com/jobs/11542
NY + Jersey City,TD Bank,Associate Banker I - Bohemia,"Bohemia, New York",workday,2026-09-24,2026-09-24,False,https://td.wd3.myworkdayjobs.com/TD_Bank_Careers/job/Bohemia-New-York/Associate-Banker-I---Bohemia_R_1512950
NY + Jersey City,TD Bank,Associate Banker ll - Westhampton Beach,"Westhampton Beach, New York",workday,2026-10-02,2026-09-17,False,https://td.wd3.myworkdayjobs.com/TD_Bank_Careers/job/Westhampton-Beach-New-York/Associate-Banker-ll---Westhampton-Beach_R_1506225
NY + Jersey City,TD Bank,"Associate, Global Markets Credit - Commodities","New York, New York",workday,2026-09-22,2026-09-22,False,https://td.wd3.myworkdayjobs.com/TD_Bank_Careers/job/New-York-New-York/Associate--Global-Markets-Credit---Commodities_R_1506287
NY + Jersey City,TD Bank,"Associate, Global Markets Documentation - Advisory and Contract Execution, Prime Brokerage Negotiation","New York, New York",workday,2026-09-28,2026-09-28,False,https://td.wd3.myworkdayjobs.com/TD_Bank_Careers/job/New-York-New-York/Associate--Global-Markets-Documentation---Advisory-and-Contract-Execution--Prime-Brokerage-Negotiation_R_1513548-1
NY + Jersey City,TD Bank,"Associate, Investment Banking - Communications & Media","New York, New York",workday,2026-09-22,2026-09-23,False,https://td.wd3.myworkdayjobs.com/TD_Bank_Careers/job/New-York-New-York/Associate--Investment-Banking---Communications---Media_R_1476495
NY + Jersey City,TD Bank,"Associate, Investment Banking - Power & Utilities","New York, New York",workday,2026-09-22,2026-09-23,False,https://td.wd3.myworkdayjobs.com/TD_Bank_Careers/job/New-York-New-York/Associate--Investment-Banking---Power---Utilities_R_1468093
NY + Jersey City,TD Bank,"Associate, Market Risk Control - US Prime Services","New York, New York",workday,2026-09-29,2026-09-17,False,https://td.wd3.myworkdayjobs.com/TD_Bank_Careers/job/New-York-New-York/Associate--Market-Risk-Control---US-Prime-Services_R_1506941-1
NY + Jersey City,TD Bank,Commercial Sales Associate I (US),"Forest Hills, New York",workday,2026-10-01,2026-10-01,False,https://td.wd3.myworkdayjobs.com/TD_Bank_Careers/job/Forest-Hills-New-York/Commercial-Sales-Associate-I--US-_R_1497255
NY + Jersey City,TD Bank,Equity Research Associate - Consumer Restaurants,"New York, New York",workday,2026-09-08,2026-09-17,False,https://td.wd3.myworkdayjobs.com/TD_Bank_Careers/job/New-York-New-York/Equity-Research-Associate---Consumer-Restaurants_R_1502983
NY + Jersey City,TD Bank,"Equity Research Associate - Healthcare, Biotechnology","New York, New York",workday,2026-09-10,2026-09-17,False,https://td.wd3.myworkdayjobs.com/TD_Bank_Careers/job/New-York-New-York/Equity-Research-Associate---Healthcare--Biotechnology_R_1510447
NY + Jersey City,TD Bank,Equity Research Associate - Power & Energy Equipment and Services,"New York, New York",workday,2026-09-14,2026-09-17,False,https://td.wd3.myworkdayjobs.com/TD_Bank_Careers/job/New-York-New-York/Equity-Research-Associate---Power---Energy-Equipment-and-Services_R_1511047
NY + Jersey City,TD Bank,Equity Research Associate - Travel & Leisure,"New York, New York",workday,2026-09-10,2026-09-17,False,https://td.wd3.myworkdayjobs.com/TD_Bank_Careers/job/New-York-New-York/Equity-Research-Associate---Travel---Leisure_R_1510409
NY + Jersey City,TD Bank,"Experienced Analyst – Investment Banking, Private Capital Markets – TDS (US)","New York, New York",workday,2026-09-18,2026-09-18,False,https://td.wd3.myworkdayjobs.com/TD_Bank_Careers/job/New-York-New-York/Experienced-Analyst---Investment-Banking--Private-Capital-Markets---TDS--US-_R_1507740
NY + Jersey City,TD Bank,"Financial Advisor Associate - Bethpage, NY","Bethpage, New York",workday,2026-09-22,2026-09-17,False,https://td.wd3.myworkdayjobs.com/TD_Bank_Careers/job/Bethpage-New-York/Financial-Advisor-Associate---Bethpage--NY_R_1479947
NY + Jersey City,Tapestry,"Coordinator, Project Management, Marketing Operations","New York, New York, USA (Corporate Headquarters)",workday,2026-09-15,2026-10-01,False,https://tapestry.wd108.myworkdayjobs.com/Tapestry_Careers/job/New-York-New-York-USA-Corporate-Headquarters/Coordinator--Project-Management--Marketing-Operations_JR13914
NY + Jersey City,Tapestry,Planner,"New York, New York, USA (Corporate Headquarters)",workday,2026-09-30,2026-10-01,False,https://tapestry.wd108.myworkdayjobs.com/Tapestry_Careers/job/New-York-New-York-USA-Corporate-Headquarters/Planner_JR7329
NY + Jersey City,Truist Securities,ECM Corporate Services Associate  III,"New York, New York, USA",phenom,2026-09-29,2026-09-29,False,https://truist.wd1.myworkdayjobs.com/Careers/job/New-York-NY/ECM-Corporate-Services-Associate--III_R0119838
NY + Jersey City,Truist Securities,Equity Research Analyst - Building Products (Industrials),"New York, New York, USA",phenom,2026-09-18,2026-09-19,False,https://truist.wd1.myworkdayjobs.com/Careers/job/New-York-NY/Equity-Research-Analyst---Building-Products--Industrials-_R0118998
NY + Jersey City,Truist Securities,Equity Research Associate - (Services),"New York, New York, USA",phenom,2026-10-04,2026-10-05,True,https://truist.wd1.myworkdayjobs.com/Careers/job/New-York-NY/Equity-Research-Associate---IT-Services_R0118083
NY + Jersey City,Truist Securities,Equity Research Associate - REITs,"New York, New York, USA",phenom,2026-09-15,2026-09-18,False,https://truist.wd1.myworkdayjobs.com/Careers/job/New-York-NY/Equity-Research-Associate---REITs_R0119256
NY + Jersey City,Truist Securities,"Investment Banking Analyst - Energy (Power, Utilities & Infrastructure)","New York, New York, USA",phenom,2026-09-18,2026-09-19,False,https://truist.wd1.myworkdayjobs.com/Careers/job/New-York-NY/Investment-Banking-Analyst---Energy_R0118282
NY + Jersey City,Truist Securities,"Investment Banking Associate - Power, Utilities & Infrastructure (Renewables)","New York, New York, USA",phenom,2026-09-18,2026-09-19,False,https://truist.wd1.myworkdayjobs.com/Careers/job/New-York-NY/Investment-Banking-Associate---Power--Utilities---Infrastructure--Renewables-_R0119372
NY + Jersey City,Truist Securities,Investment Grade Debt Capital Markets Analyst,"New York, New York, USA",phenom,2026-10-01,2026-09-18,False,https://truist.wd1.myworkdayjobs.com/Careers/job/New-York-NY---50-Hudson-Yards/Investment-Grade-DCM-Analyst-II_R0118792
NY + Jersey City,Truist Securities,Treasury Sales Consultant - Middle Market,"New York, New York, USA",phenom,2026-09-24,2026-09-25,False,https://truist.wd1.myworkdayjobs.com/Careers/job/New-York-NY/Treasury-Sales-Consultant---Middle-Market_R0119679
NY + Jersey City,U.S. Bancorp,Payment Sales Consultant - Tech and Transportation,"New York, NY",workday,2026-09-10,2026-09-17,False,https://usbank.wd1.myworkdayjobs.com/US_Bank_Careers/job/New-York-NY/Payment-Sales-Consultant---Tech-and-Transportation_2026-0021403
NY + Jersey City,Wells Fargo,"Associate, Commercial Mortgage Pursuit Specialist","NEW YORK, NY",workday,2026-10-02,2026-09-16,False,https://wf.wd1.myworkdayjobs.com/WellsFargoJobs/job/NEW-YORK-NY/Associate--Commercial-Mortgage-Pursuit-Specialist_R-546836
NY + Jersey City,Wells Fargo,"Associate, Equity Derivatives & QIS Structuring","NEW YORK, NY",workday,2026-10-02,2026-09-15,False,https://wf.wd1.myworkdayjobs.com/WellsFargoJobs/job/NEW-YORK-NY/Associate--Equity-Derivatives---QIS-Structuring_R-571470
NY + Jersey City,Wells Fargo,"Associate, Investment Banking - Healthcare Services","NEW YORK, NY",workday,2026-10-05,2026-10-05,True,https://wf.wd1.myworkdayjobs.com/WellsFargoJobs/job/NEW-YORK-NY/Associate--Investment-Banking---Healthcare-Services_R-560337
NY + Jersey City,Wells Fargo,"Equity Research Analyst, Business & Information Services","NEW YORK, NY",workday,2026-10-01,2026-09-25,False,https://wf.wd1.myworkdayjobs.com/WellsFargoJobs/job/NEW-YORK-NY/Equity-Research-Analyst--Business---Information-Services_R-572907
NY + Jersey City,Wells Fargo,"Equity Research Associate, Software - Small & Mid-Cap","NEW YORK, NY",workday,2026-10-02,2026-09-15,False,https://wf.wd1.myworkdayjobs.com/WellsFargoJobs/job/NEW-YORK-NY/Equity-Research-Associate--Software---Small---Mid-Cap_R-572381
NY + Jersey City,Wells Fargo,Home Mortgage Consultant (SAFE),"MELVILLE, NY",workday,2026-10-01,2026-09-17,False,https://wf.wd1.myworkdayjobs.com/WellsFargoJobs/job/MELVILLE-NY/Home-Mortgage-Consultant--SAFE-_R-560461
NY + Jersey City,Wells Fargo,Home Mortgage Consultant (SAFE),"NEW YORK, NY",workday,2026-10-01,2026-09-17,False,https://wf.wd1.myworkdayjobs.com/WellsFargoJobs/job/NEW-YORK-NY/Home-Mortgage-Consultant--SAFE-_R-560457
NY + Jersey City,Wells Fargo,Home Mortgage Consultant (SAFE),"NEW YORK, NY",workday,2026-10-01,2026-09-17,False,https://wf.wd1.myworkdayjobs.com/WellsFargoJobs/job/NEW-YORK-NY/Home-Mortgage-Consultant--SAFE-_R-560454-1
NY + Jersey City,Wells Fargo,Home Mortgage Consultant (SAFE),"NEW YORK, NY",workday,2026-10-01,2026-09-17,False,https://wf.wd1.myworkdayjobs.com/WellsFargoJobs/job/NEW-YORK-NY/Home-Mortgage-Consultant--SAFE-_R-556840
NY + Jersey City,Wells Fargo,Home Mortgage Consultant (SAFE),"NEW YORK, NY",workday,2026-10-01,2026-09-17,False,https://wf.wd1.myworkdayjobs.com/WellsFargoJobs/job/NEW-YORK-NY/Home-Mortgage-Consultant--SAFE-_R-555705
NY + Jersey City,Wells Fargo,Home Mortgage Consultant (SAFE),"PURCHASE, NY",workday,2026-09-28,2026-09-28,False,https://wf.wd1.myworkdayjobs.com/WellsFargoJobs/job/PURCHASE-NY/Home-Mortgage-Consultant--SAFE-_R-554238
NY + Jersey City,Wells Fargo,Strategy Consultant,"NEW YORK, NY",workday,2026-09-30,2026-10-01,False,https://wf.wd1.myworkdayjobs.com/WellsFargoJobs/job/NEW-YORK-NY/Strategy-Consultant_R-578551
NY + Jersey City,William Blair,"Associate I, CRU Risk","Boston, Massachusetts; New York, New York",greenhouse,2026-09-22,2026-09-23,False,https://www.williamblair.com/Careers/job-description?gh_jid=5246807007
NY + Jersey City,ZS Associates,Advisory Consultant - Business Advisory,"South San Francisco, California; Princeton, New Jersey; Philadelphia, Pennsylvania; Boston, Massachusetts; Evanston, Illinois; Thousand Oaks, California; Chicago, Illinois; New York, New York",jibe,2026-09-16,2026-09-17,False,https://jobs.zs.com/jobs/22926
NY + Jersey City,ZS Associates,Business Technology Solutions Associate Consultant- Marketing & Customer Experience,"Princeton, New Jersey; New York, New York; Boston, Massachusetts; Philadelphia, Pennsylvania; Bethesda, Maryland; Chicago, Illinois; Evanston, Illinois; South San Francisco, California; Thousand Oaks, California",jibe,2026-09-25,2026-09-24,False,https://jobs.zs.com/jobs/67646
NY + Jersey City,ZS Associates,Business Technology Solutions Consultant- Marketing and Customer Experience,"Princeton, New Jersey; New York, New York; Philadelphia, Pennsylvania; Boston, Massachusetts; Bethesda, Maryland; Chicago, Illinois; Evanston, Illinois; South San Francisco, California; Thousand Oaks, California",jibe,2026-09-25,2026-09-23,False,https://jobs.zs.com/jobs/67649
NY + Jersey City,ZS Associates,Decision Analytics Consultant- Customer Analytics,"Philadelphia, Pennsylvania; Princeton, New Jersey; New York, New York",jibe,2026-09-15,2026-09-17,False,https://jobs.zs.com/jobs/67461
NY + Jersey City,ZS Associates,HEOR & Evidence Communications Associate Consultant,"Boston, Massachusetts; New York, New York; Princeton, New Jersey; Philadelphia, Pennsylvania",jibe,2026-09-10,2026-09-17,False,https://jobs.zs.com/jobs/32695
NY + Jersey City,ZS Associates,Market Access Associate Consultant,"Philadelphia, Pennsylvania; New York, New York; Boston, Massachusetts",jibe,2026-09-16,2026-09-17,False,https://jobs.zs.com/jobs/67464
NY + Jersey City,ZS Associates,Market Research Associate Consultant,"Philadelphia, Pennsylvania; New York, New York; Princeton, New Jersey",jibe,2026-09-28,2026-09-29,False,https://jobs.zs.com/jobs/67889
NY + Jersey City,ZS Associates,Market Research Associate Consultant,"Philadelphia, Pennsylvania; New York, New York; Princeton, New Jersey; Boston, Massachusetts; Durham, North Carolina",jibe,2026-09-17,2026-09-18,False,https://jobs.zs.com/jobs/33735
NY + Jersey City,ZS Associates,Patient Support Services - Salesforce Consultant,"Boston, Massachusetts; Philadelphia, Pennsylvania; Princeton, New Jersey; New York, New York",jibe,2026-09-28,2026-09-17,False,https://jobs.zs.com/jobs/64802
NY + Jersey City,ZS Associates,Real-World Data (RWD) Consultant,"Boston, Massachusetts; New York, New York; Philadelphia, Pennsylvania; Princeton, New Jersey",jibe,2026-09-22,2026-09-22,False,https://jobs.zs.com/jobs/67619
NY + Jersey City,ZS Associates,Strategy Consulting Associate Consultant,"New York, New York",jibe,2026-09-29,2026-09-29,False,https://jobs.zs.com/jobs/67978
NY + Jersey City,iCapital,"Business Process Analyst, UiPath Developer - Associate","New York, New York, United States",greenhouse,2026-09-30,2026-10-01,False,https://job-boards.greenhouse.io/icapitalnetwork/jobs/8853762002
NY + Jersey City,iCapital,Platform Support - Analyst,"New York, New York, United States",greenhouse,2026-09-23,2026-09-24,False,https://job-boards.greenhouse.io/icapitalnetwork/jobs/8813861002
NY + Jersey City,iCapital,"Regulatory and Compliance, Subscription Document Review - Associate","New York, New York, United States",greenhouse,2026-09-15,2026-09-16,False,https://job-boards.greenhouse.io/icapitalnetwork/jobs/8812006002
NY + Jersey City,iCapital,Structured Investments Distribution - Analyst,"New York, New York, United States",greenhouse,2026-09-09,2026-09-15,False,https://job-boards.greenhouse.io/icapitalnetwork/jobs/8776670002
SF / Bay Area,AllianceBernstein,Associate,"San Francisco, California",workday,2026-09-18,2026-09-19,False,https://abglobal.wd1.myworkdayjobs.com/alliancebernsteincareers/job/San-Francisco-California/Associate_R0019402
SF / Bay Area,BMO,"Investment Banking Analyst, Technology","San Francisco, CA, USA",workday,2026-09-30,2026-09-16,False,https://bmo.wd3.myworkdayjobs.com/External/job/San-Francisco-CA-USA/Investment-Banking-Analyst--Technology_R260022435
SF / Bay Area,Bank of America,Wealth Management Client Associate,San Mateo,workday,2026-09-29,2026-09-30,False,https://ghr.wd1.myworkdayjobs.com/Lateral-US/job/San-Mateo/Wealth-Management-Client-Associate_26035762
SF / Bay Area,Bank of America,Wealth Management Client Associate,San Francisco,workday,2026-09-28,2026-09-29,False,https://ghr.wd1.myworkdayjobs.com/Lateral-US/job/San-Francisco/Wealth-Management-Client-Associate_26035561
SF / Bay Area,Barclays,Banking Associate Graduate Program 2027 San Francisco,"San Francisco, United States",barclays,,2026-09-16,False,https://search.jobs.barclays/job/san-francisco/banking-associate-graduate-program-2027-san-francisco/13015/99446589552
SF / Bay Area,BlackRock,"Associate, Multi-Asset Portfolio Manager","San Francisco, CA",blackrock,2026-10-01,2026-09-17,False,https://careers.blackrock.com/job/san-francisco/associate-multi-asset-portfolio-manager/45831/94707592800
SF / Bay Area,BlackRock,"Associate, Product Manager","San Francisco, CA",blackrock,2026-10-02,2026-10-03,False,https://careers.blackrock.com/job/san-francisco/associate-product-manager/45831/101464809824
SF / Bay Area,BlackRock,"Index Fixed Income - Portfolio Management, Associate","San Francisco, CA",blackrock,2026-09-30,2026-09-17,False,https://careers.blackrock.com/job/san-francisco/index-fixed-income-portfolio-management-associate/45831/98818118976
SF / Bay Area,Blackstone,2027 Blackstone Private Equity Associate (San Francisco),San Francisco,workday,,2026-09-15,False,https://blackstone.wd1.myworkdayjobs.com/Blackstone_Careers/job/San-Francisco/XMLNAME-2027-Blackstone-Private-Equity-Associate--San-Francisco-_37610-1
SF / Bay Area,Blackstone,"Workplace Experience Lead, Associate",San Francisco,workday,,2026-09-22,False,https://blackstone.wd1.myworkdayjobs.com/Blackstone_Careers/job/San-Francisco/Workplace-Experience-Lead--Associate_45606
SF / Bay Area,Blue Owl Capital,"Blue Owl Technology Solutions, Technology Growth Investing, Associate","Menlo Park, CA",workday,2026-10-02,2026-09-15,False,https://blueowl.wd1.myworkdayjobs.com/blueowl/job/Menlo-Park-CA/Blue-Owl-Technology-Solutions--Technology-Growth-Investing--Associate_R-102265
SF / Bay Area,Brex,Outbound Sales Development Representative,"San Francisco, California, United States",greenhouse,2026-09-16,2026-10-01,False,https://www.brex.com/careers/8814410002?gh_jid=8814410002
SF / Bay Area,Brex,Startup Partnerships Associate,"San Francisco, California, United States",greenhouse,2026-10-02,2026-10-03,False,https://www.brex.com/careers/8864643002?gh_jid=8864643002
SF / Bay Area,Brex,Venture Partnerships Associate,"San Francisco, California, United States",greenhouse,2026-10-02,2026-10-03,False,https://www.brex.com/careers/8864648002?gh_jid=8864648002
SF / Bay Area,Citi,Investment Banking Associate - Equity Capital Markets,"San Francisco, California, United States",citi,,2026-09-16,False,https://jobs.citi.com/job/san-francisco/investment-banking-associate-equity-capital-markets/287/100683576432
SF / Bay Area,Goldman Sachs,"AWM, External Investing Group, Early-Stage Capital, Investment Associate - San Francisco","San Francisco, CA, United States",goldman,,2026-09-23,False,https://higher.gs.com/roles/181715
SF / Bay Area,Goldman Sachs,"Asset & Wealth Management, Private Family Office, Financial Planner, Associate - San Francisco","San Francisco, CA, United States",goldman,,2026-09-25,False,https://higher.gs.com/roles/166520
SF / Bay Area,Goldman Sachs,"Asset & Wealth Management, Private Wealth Management, Business Development Professional, Associate","San Francisco, CA, United States",goldman,,2026-09-23,False,https://higher.gs.com/roles/140353
SF / Bay Area,Goldman Sachs,"Asset & Wealth Management, Private Wealth Management, Private Family Office, Financial Planner, Analyst - San Francisco","San Francisco, CA, United States",goldman,,2026-09-23,False,https://higher.gs.com/roles/152282
SF / Bay Area,Goldman Sachs,"Asset & Wealth Management, Private Wealth Management, Wealth Management Professional, Associate - San Francisco (Analyst)","San Francisco, CA, United States",goldman,,2026-09-23,False,https://higher.gs.com/roles/156083
SF / Bay Area,Goldman Sachs,"Executive Office, Government Affairs, Associate, San Francisco/Los Angeles/Salt Lake City","San Francisco, CA, United States",goldman,,2026-09-23,False,https://higher.gs.com/roles/184499
SF / Bay Area,Goldman Sachs,"GBM - Public, Sales, Associate - San Francisco","San Francisco, CA, United States",goldman,,2026-09-23,False,https://higher.gs.com/roles/172825
SF / Bay Area,Goldman Sachs,"Global Investment Research, Equity Research, TMT (Associate)","San Francisco, CA, United States",goldman,,2026-09-23,False,https://higher.gs.com/roles/180085
SF / Bay Area,JPMorgan Chase,"Associate Banker, Technology Banking -Associate","San Francisco, CA, United States",oracle,2026-09-21,2026-09-22,False,https://jpmc.fa.oraclecloud.com/hcmUI/CandidateExperience/en/sites/CX_1001/job/210793194
SF / Bay Area,JPMorgan Chase,"Associate Banker-Healthcare, Higher Education and Not for Profit- Associate","San Francisco, CA, United States",oracle,2026-09-22,2026-09-22,False,https://jpmc.fa.oraclecloud.com/hcmUI/CandidateExperience/en/sites/CX_1001/job/210780116
SF / Bay Area,JPMorgan Chase,Commercial Real Estate - Real Estate Banking Program Analyst,"San Francisco, CA, United States",oracle,2026-09-16,2026-09-19,False,https://jpmc.fa.oraclecloud.com/hcmUI/CandidateExperience/en/sites/CX_1001/job/210791203
SF / Bay Area,JPMorgan Chase,Enterprise Technology Payments Sales Associate,"San Francisco, CA, United States",oracle,2026-09-21,2026-09-22,False,https://jpmc.fa.oraclecloud.com/hcmUI/CandidateExperience/en/sites/CX_1001/job/210790562
SF / Bay Area,JPMorgan Chase,Treasury Sales Associate -Technology & Disruptive Commerce,"San Francisco, CA, United States",oracle,2026-09-09,2026-09-19,False,https://jpmc.fa.oraclecloud.com/hcmUI/CandidateExperience/en/sites/CX_1001/job/210788364
SF / Bay Area,LVMH,"Assistant Merchant, Merchandising, Digital, Fragrance (Sephora)","San Francisco, United States",lvmh,2026-09-22,2026-10-01,False,https://career55.sapsf.eu/sfcareer/jobreqcareer?company=SephoraUS&jobId=293924
SF / Bay Area,Lazard,Analyst - Technology,"San Francisco, United States",oracle,2026-09-15,2026-09-17,False,https://icbpjb.fa.ocs.oraclecloud.com/hcmUI/CandidateExperience/en/sites/LazardProfessionalCareers/job/6574
SF / Bay Area,Mizuho,"Investment & Corporate Banking – Technology, Media & Telecommunications (TMT), Analyst (SF)",San Francisco,workday,2026-09-23,2026-09-24,False,https://mizuho.wd1.myworkdayjobs.com/mizuhoamericas/job/San-Francisco/Investment---Corporate-Banking---Technology--Media---Telecommunications--TMT---Analyst--SF-_R7387
SF / Bay Area,Morgan Stanley,Client Service Associate,"San Francisco, California, United States of America",workday,2026-09-24,2026-09-25,False,https://ms.wd5.myworkdayjobs.com/External/job/San-Francisco-California-United-States-of-America/Client-Service-Associate_JR044066
SF / Bay Area,Morgan Stanley,Investment Consultant - Relationship Manager,"San Francisco, California, United States of America",workday,2026-09-24,2026-09-24,False,https://ms.wd5.myworkdayjobs.com/External/job/San-Francisco-California-United-States-of-America/Investment-Consultant---Relationship-Manager_JR044644
SF / Bay Area,Morgan Stanley,Registered Client Service Associate,"Palo Alto, California, United States of America",workday,2026-10-01,2026-10-02,False,https://ms.wd5.myworkdayjobs.com/External/job/Palo-Alto-California-United-States-of-America/Registered-Client-Service-Associate_JR044924
SF / Bay Area,Morgan Stanley,Registered Client Service Associate,"San Francisco, California, United States of America",workday,2026-09-23,2026-09-23,False,https://ms.wd5.myworkdayjobs.com/External/job/San-Francisco-California-United-States-of-America/Registered-Client-Service-Associate_JR043780
SF / Bay Area,Morgan Stanley,Registered Client Service Associate,San Francisco,workday,2026-09-22,2026-09-23,False,https://ms.wd5.myworkdayjobs.com/External/job/San-Francisco/Client-Service-Associate_JR037892
SF / Bay Area,Morgan Stanley,Registered Client Service Associate,"San Francisco, California, United States of America",workday,2026-09-17,2026-09-17,False,https://ms.wd5.myworkdayjobs.com/External/job/San-Francisco-California-United-States-of-America/Registered-Client-Service-Associate_JR043980
SF / Bay Area,Morgan Stanley,Registered Client Service Associate,"Palo Alto, California, United States of America",workday,2026-09-08,2026-09-15,False,https://ms.wd5.myworkdayjobs.com/External/job/Palo-Alto-California-United-States-of-America/Registered-Client-Service-Associate_JR041363-1
SF / Bay Area,Morgan Stanley,Wealth Management Analyst,"San Francisco, California, United States of America",workday,2026-09-08,2026-09-15,False,https://ms.wd5.myworkdayjobs.com/External/job/San-Francisco-California-United-States-of-America/Wealth-Management-Analyst_JR042961
SF / Bay Area,PGIM,"PGIM Real Estate Investment Associate (Hybrid-San Francisco, CA)","San Francisco, CA, USA",workday,2026-09-21,2026-09-15,False,https://pru.wd5.myworkdayjobs.com/PGIM_Careers/job/San-Francisco-CA-USA/PGIM-Real-Estate-Investment-Associate--Hybrid-San-Francisco--CA-_R-124723-2
SF / Bay Area,Plaid,Fraud Data Partnerships,San Francisco HQ,ashby,2026-09-11,2026-10-01,False,https://jobs.ashbyhq.com/plaid/4003dc3c-5714-4449-bf65-ac0c7d5385e1
SF / Bay Area,Plaid,Strategic Partnerships – Credit | Product & Data,San Francisco HQ,ashby,2026-09-21,2026-10-01,False,https://jobs.ashbyhq.com/plaid/89f608d3-a383-4ca5-90b0-4d4b49ea2275
SF / Bay Area,Robert Half,Financial Analyst - Fund · Direct hire,"San Francisco, CA",roberthalf,2026-09-29,2026-10-05,True,https://www.roberthalf.com/us/en/job/san-francisco-ca/financial-analyst-fund/00412-9504402950-usen
SF / Bay Area,Robert Half,Financial Analyst Investment Firm · Direct hire,"San Francisco, CA",roberthalf,2026-09-23,2026-10-05,True,https://www.roberthalf.com/us/en/job/san-francisco-ca/financial-analyst-investment-firm/00412-9504399966-usen
SF / Bay Area,Robert Half,Financial Analyst · Contract,"San Francisco, CA",roberthalf,2026-09-21,2026-10-05,True,https://www.roberthalf.com/us/en/job/san-francisco-ca/financial-analyst/00410-9504398842-usen
SF / Bay Area,Robert Half,Financial Analyst · Direct hire,"Palo Alto, CA",roberthalf,2026-09-15,2026-10-05,True,https://www.roberthalf.com/us/en/job/palo-alto-ca/financial-analyst/00430-0013483723-usen
SF / Bay Area,Robert Half,Jr Financial Analyst · Contract,"San Francisco, CA",roberthalf,2026-09-21,2026-10-05,True,https://www.roberthalf.com/us/en/job/san-francisco-ca/jr-financial-analyst/00410-9504398803-usen
SF / Bay Area,Robert Half,Wealth Analyst at Wealth Management Firm · Direct hire,"San Francisco, CA",roberthalf,2026-09-19,2026-10-05,True,https://www.roberthalf.com/us/en/job/san-francisco-ca/wealth-analyst-at-wealth-management-firm/00412-9504386080-usen
SF / Bay Area,Stripe,"Americas Field Marketing, AI",South San Francisco,greenhouse,2026-09-28,2026-10-01,False,https://stripe.com/jobs/search?gh_jid=8222219
SF / Bay Area,Stripe,"Sales Strategy and Operations, Mergers and Acquisitions","South San Francisco, CA",greenhouse,2026-09-22,2026-10-01,False,https://stripe.com/jobs/search?gh_jid=8212667
SF / Bay Area,Stripe,Startup Partnerships - Y Combinator,San Francisco,greenhouse,2026-09-15,2026-10-01,False,https://stripe.com/jobs/search?gh_jid=8181026
SF / Bay Area,U.S. Bancorp,Centralized Support Associate,"San Francisco, CA",workday,2026-09-29,2026-09-29,False,https://usbank.wd1.myworkdayjobs.com/US_Bank_Careers/job/San-Francisco-CA/Centralized-Support-Associate_2026-0030172
SF / Bay Area,U.S. Bancorp,"Client Relationship Consultant 3 (Banker) - North Beach - San Francisco, CA Bilingual Cantonese & English","San Francisco, CA",workday,2026-09-25,2026-09-17,False,https://usbank.wd1.myworkdayjobs.com/US_Bank_Careers/job/San-Francisco-CA/Client-Relationship-Consultant-3--Banker----North-Beach---San-Francisco--CA-Bilingual-Cantonese---English_2026-0016414
SF / Bay Area,Wells Fargo,CA-WA Mortgage Retail Sales Consultant (SAFE),"SAN MATEO, CA",workday,2026-09-16,2026-09-17,False,https://wf.wd1.myworkdayjobs.com/WellsFargoJobs/job/SAN-MATEO-CA/CA-WA-Mortgage-Retail-Sales-Consultant--SAFE-_R-576067
SF / Bay Area,Wells Fargo,Registered Client Associate,"SAN FRANCISCO, CA",workday,2026-09-25,2026-09-26,False,https://wf.wd1.myworkdayjobs.com/WellsFargoJobs/job/SAN-FRANCISCO-CA/Registered-Client-Associate_R-577462
SF / Bay Area,William Blair,"Associate I, CRU Risk","San Francisco, California",greenhouse,2026-09-22,2026-09-23,False,https://www.williamblair.com/Careers/job-description?gh_jid=5246805007
SF / Bay Area,ZS Associates,AI Engineer Associate Consultant,"Princeton, New Jersey; Bellevue, Washington; South San Francisco, California; Thousand Oaks, California",jibe,2026-10-02,2026-10-02,False,https://jobs.zs.com/jobs/67605
SF / Bay Area,ZS Associates,Associate Consultant- Brand Strategy,"South San Francisco, California; Thousand Oaks, California; San Diego, California",jibe,2026-09-10,2026-09-17,False,https://jobs.zs.com/jobs/67414
SF / Bay Area,ZS Associates,Market Access Associate Consultant,"South San Francisco, California",jibe,2026-09-15,2026-09-17,False,https://jobs.zs.com/jobs/23961
SF / Bay Area,ZS Associates,R&D Strategy Consultant,"South San Francisco, California",jibe,2026-09-18,2026-09-17,False,https://jobs.zs.com/jobs/67465
SF / Bay Area,ZS Associates,Revenue Operations Analyst - Zaidyn Commercial,"Princeton, New Jersey; South San Francisco, California",jibe,2026-10-01,2026-10-02,False,https://jobs.zs.com/jobs/68040
SF / Bay Area,ZS Associates,Strategy Insights & Planning Associate,"South San Francisco, California",jibe,2026-09-09,2026-09-17,False,https://jobs.zs.com/jobs/67363
